value	format	date1904	expected	provenance
1234.5	#,##0.00	0	1,234.50	headline case (excel-verified)
45000	yyyy-mm-dd	0	2023-03-15	headline case (excel-verified)
59	yyyy-mm-dd	0	1900-02-28	excel-verified
60	yyyy-mm-dd	0	1900-02-29	excel-verified: the fake leap day
61	yyyy-mm-dd	0	1900-03-01	excel-verified
0	m/d/yyyy	0	1/0/1900	excel-verified: serial zero renders day 0
1	dddd	0	Sunday	excel-verified: Lotus weekday convention
60	dddd	0	Wednesday	excel-verified
0	yyyy-mm-dd	1	1904-01-01	excel-verified
1	yyyy-mm-dd	1	1904-01-02	excel-verified
43538	yyyy-mm-dd	1	2023-03-15	excel-verified: 45000 - 1462
0	dddd	1	Friday	excel-verified: 1904-01-01
2.5	0	0	3	excel-verified
5.5	0	0	6	excel-verified
-5.5	0	0	-6	excel-verified
0	##	0		excel-verified: no 0-placeholder -> empty
0.5	#.00	0	.50	excel-verified
0.9999999	h:mm:ss	0	0:00:00	excel-verified: rounds into next day
0.0006944398148148148	h:mm:ss	0	0:01:00	pinned: carry (SSF: 0:00:00)
0.9999999884259259	h:mm:ss	0	0:00:00	pinned: carry into next day (SSF: 23:59:00)
0.0006944398148148148	hh:mm:ss	0	00:01:00	pinned: carry (SSF drops it)
0.9999999884259259	hh:mm:ss	0	00:00:00	pinned: carry into next day (SSF drops it)
0.9999999884259259	h:mm	0	0:00	pinned: carry into next day (SSF: 24:00)
0.9999999884259259	hh:mm	0	00:00	pinned: carry into next day (SSF: 24:00)
0.9999999884259259	h:mm AM/PM	0	12:00 AM	pinned: carry into next day (SSF: 12:00 PM)
0.0006944398148148148	h:mm:ss AM/PM	0	12:01:00 AM	pinned: carry (SSF drops it)
0.9999999884259259	h:mm:ss AM/PM	0	12:00:00 AM	pinned: carry into next day (SSF drops it)
0.9999999884259259	m/d/yy h:mm	0	1/1/00 0:00	pinned: carry into the date (SSF: 1/0/00 24:00)
0.0006944398148148148	yyyy-mm-dd hh:mm:ss	0	1900-01-00 00:01:00	pinned: carry (SSF drops it)
0.9999999884259259	yyyy-mm-dd hh:mm:ss	0	1900-01-01 00:00:00	pinned: carry into the date (SSF drops it)
0.0006944398148148148	mm:ss	0	01:00	pinned: carry (SSF: 00:00)
0.9999999884259259	mm:ss	0	00:00	pinned: carry into next day (SSF: 59:00)
0.0006944398148148148	[h]:mm:ss	0	0:01:00	pinned: carry (SSF drops it)
0.9999999884259259	[h]:mm:ss	0	24:00:00	pinned: elapsed carry (SSF: 23:59:00)
0.0006944398148148148	[mm]:ss	0	01:00	pinned: carry (SSF: 00:00)
0.9999999884259259	[mm]:ss	0	1440:00	pinned: elapsed carry (SSF: 1439:00)
0.0006944398148148148	h:mm:ss.000	0	0:01:00.000	pinned: subsecond carry (SSF drops it)
0.0006944398148148148	mm:ss.0	0	01:00.0	pinned: subsecond carry (SSF drops it)
0.9999999884259259	mm:ss.0	0	00:00.0	pinned: carry into next day (SSF: 59:00.0)
0.0006944398148148148	[mm]:ss.0	0	01:00.0	pinned: subsecond carry (SSF drops it)
0.9999999884259259	[mm]:ss.0	0	1440:00.0	pinned: elapsed carry (SSF: 1439:00.0)
1.5	[h]:mm	0	36:00	excel-verified
0.0625	[mm]:ss	0	90:00	excel-verified
hi	@	0	hi	excel-verified
hi	"pre "@" post"	0	pre hi post	excel-verified
hi	0.00	0	hi	excel-verified: numeric format passes text through
hi	0;-0;0;"<"@">"	0	<hi>	excel-verified: 4th section
5.25	# ?/?	0	5 1/4	excel-verified (trailing pad trimmed)
0.5	# ?/?	0	 1/2	excel-verified (leading literal space kept)
5	# ?/?	0	5	deviation: fraction blank trimmed, SSF pads
1.5	?/?	0	3/2	excel-verified
0.6	# ?/4	0	 2/4	excel-verified: fixed denominator
12345	##0.0E+0	0	12.3E+3	excel-verified
1234567890	0.0,,	0	1234.6	excel-verified
5	[$€-407] 0.00	0	€ 5.00	excel-verified
0.30000000000000004	General	0	0.3	pinned: 11-sig-digit General
1234567890123	General	0	1.23457E+12	pinned: General scientific
99999999999	General	0	99999999999	pinned
100000000000	General	0	1E+11	pinned
0.0001	General	0	0.0001	pinned
0.00005	General	0	5E-05	pinned
-0.5	0	0	-1	excel-verified: half away from zero (SSF: 0)
-0.5	0" units"	0	-1 units	excel-verified (SSF: 0 units)
-5.5	0" units"	0	-6 units	excel-verified (SSF: -5 units)
-0.5	0\h	0	-1h	excel-verified (SSF: 0h)
-5.5	0\h	0	-6h	excel-verified (SSF: -5h)
-0.5	0_)	0	-1	excel-verified: half away from zero (SSF: 0)
-5.5	0_)	0	-6	excel-verified (SSF: -5)
-0.5	_-0_-	0	- 1	excel-verified: half away from zero (SSF: -)
-5.5	_-0_-	0	- 6	excel-verified (SSF: - 5)
1	0*x	0	1	deviation: fill token dropped (SSF: 1x)
0.5	0*x	0	1	deviation: fill token dropped (SSF: 1x)
-5.5	0*x	0	-6	deviation: fill dropped + half away from zero (SSF: -5x)
1234.5678	0*x	0	1235	deviation: fill token dropped (SSF: 1235x)
-99.995	0.00	0	-100.00	excel-verified: decimal-repr rounding (SSF: -99.99)
-99.995	0%	0	-10000%	excel-verified (SSF: -9999%)
-99.995	0.0#	0	-100.0	excel-verified (SSF: -99.99)
-99.995	[Red]0.00	0	-100.00	excel-verified (SSF: -99.99)
-99.995	#.##	0	-100.	pinned: decimal point retained + decimal-repr rounding
-0.5	#.##	0	-.5	pinned: # never emits a leading zero (SSF: -0.5)
99.995	##0.0E+0	0	100.0E+0	excel-verified (SSF drops the mantissa decimal: 100.E+0)
-99.995	##0.0E+0	0	-100.0E+0	excel-verified
-1	0.0,,	0	-0.0	pinned: sign survives display-zero (SSF drops it)
-0.5	0.0,,	0	-0.0	pinned
-5.5	0.0,,	0	-0.0	pinned
-1234.5678	0.0,,	0	-0.0	pinned
-99.995	0.0,,	0	-0.0	pinned
-1	yyyy-mm-dd	0	#####	pinned: negative-serial marker
-1	h:mm	0	#####	pinned
0	0	0	0	ssf@0.18.5
1	0	0	1	ssf@0.18.5
-1	0	0	-1	ssf@0.18.5
0.5	0	0	1	ssf@0.18.5
0.05	0	0	0	ssf@0.18.5
1234.5678	0	0	1235	ssf@0.18.5
-1234.5678	0	0	-1235	ssf@0.18.5
1234567.891	0	0	1234568	ssf@0.18.5
0.123456	0	0	0	ssf@0.18.5
99.995	0	0	100	ssf@0.18.5
-99.995	0	0	-100	ssf@0.18.5
0.0001	0	0	0	ssf@0.18.5
123456789	0	0	123456789	ssf@0.18.5
0.0001234	0	0	0	ssf@0.18.5
0	0.00	0	0.00	ssf@0.18.5
1	0.00	0	1.00	ssf@0.18.5
-1	0.00	0	-1.00	ssf@0.18.5
0.5	0.00	0	0.50	ssf@0.18.5
-0.5	0.00	0	-0.50	ssf@0.18.5
2.5	0.00	0	2.50	ssf@0.18.5
5.5	0.00	0	5.50	ssf@0.18.5
-5.5	0.00	0	-5.50	ssf@0.18.5
0.05	0.00	0	0.05	ssf@0.18.5
1234.5678	0.00	0	1234.57	ssf@0.18.5
-1234.5678	0.00	0	-1234.57	ssf@0.18.5
1234567.891	0.00	0	1234567.89	ssf@0.18.5
0.123456	0.00	0	0.12	ssf@0.18.5
99.995	0.00	0	100.00	ssf@0.18.5
0.0001	0.00	0	0.00	ssf@0.18.5
123456789	0.00	0	123456789.00	ssf@0.18.5
0.0001234	0.00	0	0.00	ssf@0.18.5
0	0.000	0	0.000	ssf@0.18.5
1	0.000	0	1.000	ssf@0.18.5
-1	0.000	0	-1.000	ssf@0.18.5
0.5	0.000	0	0.500	ssf@0.18.5
-0.5	0.000	0	-0.500	ssf@0.18.5
2.5	0.000	0	2.500	ssf@0.18.5
5.5	0.000	0	5.500	ssf@0.18.5
-5.5	0.000	0	-5.500	ssf@0.18.5
0.05	0.000	0	0.050	ssf@0.18.5
1234.5678	0.000	0	1234.568	ssf@0.18.5
-1234.5678	0.000	0	-1234.568	ssf@0.18.5
1234567.891	0.000	0	1234567.891	ssf@0.18.5
0.123456	0.000	0	0.123	ssf@0.18.5
99.995	0.000	0	99.995	ssf@0.18.5
-99.995	0.000	0	-99.995	ssf@0.18.5
0.0001	0.000	0	0.000	ssf@0.18.5
123456789	0.000	0	123456789.000	ssf@0.18.5
0.0001234	0.000	0	0.000	ssf@0.18.5
0	#,##0	0	0	ssf@0.18.5
1	#,##0	0	1	ssf@0.18.5
-1	#,##0	0	-1	ssf@0.18.5
0.5	#,##0	0	1	ssf@0.18.5
-0.5	#,##0	0	-1	ssf@0.18.5
2.5	#,##0	0	3	ssf@0.18.5
5.5	#,##0	0	6	ssf@0.18.5
-5.5	#,##0	0	-6	ssf@0.18.5
0.05	#,##0	0	0	ssf@0.18.5
1234.5678	#,##0	0	1,235	ssf@0.18.5
-1234.5678	#,##0	0	-1,235	ssf@0.18.5
1234567.891	#,##0	0	1,234,568	ssf@0.18.5
0.123456	#,##0	0	0	ssf@0.18.5
99.995	#,##0	0	100	ssf@0.18.5
-99.995	#,##0	0	-100	ssf@0.18.5
0.0001	#,##0	0	0	ssf@0.18.5
123456789	#,##0	0	123,456,789	ssf@0.18.5
0.0001234	#,##0	0	0	ssf@0.18.5
0	#,##0.00	0	0.00	ssf@0.18.5
1	#,##0.00	0	1.00	ssf@0.18.5
-1	#,##0.00	0	-1.00	ssf@0.18.5
0.5	#,##0.00	0	0.50	ssf@0.18.5
-0.5	#,##0.00	0	-0.50	ssf@0.18.5
2.5	#,##0.00	0	2.50	ssf@0.18.5
5.5	#,##0.00	0	5.50	ssf@0.18.5
-5.5	#,##0.00	0	-5.50	ssf@0.18.5
0.05	#,##0.00	0	0.05	ssf@0.18.5
1234.5678	#,##0.00	0	1,234.57	ssf@0.18.5
-1234.5678	#,##0.00	0	-1,234.57	ssf@0.18.5
1234567.891	#,##0.00	0	1,234,567.89	ssf@0.18.5
0.123456	#,##0.00	0	0.12	ssf@0.18.5
99.995	#,##0.00	0	100.00	ssf@0.18.5
-99.995	#,##0.00	0	-100.00	ssf@0.18.5
0.0001	#,##0.00	0	0.00	ssf@0.18.5
123456789	#,##0.00	0	123,456,789.00	ssf@0.18.5
0.0001234	#,##0.00	0	0.00	ssf@0.18.5
0	#,##0.000	0	0.000	ssf@0.18.5
1	#,##0.000	0	1.000	ssf@0.18.5
-1	#,##0.000	0	-1.000	ssf@0.18.5
0.5	#,##0.000	0	0.500	ssf@0.18.5
-0.5	#,##0.000	0	-0.500	ssf@0.18.5
2.5	#,##0.000	0	2.500	ssf@0.18.5
5.5	#,##0.000	0	5.500	ssf@0.18.5
-5.5	#,##0.000	0	-5.500	ssf@0.18.5
0.05	#,##0.000	0	0.050	ssf@0.18.5
1234.5678	#,##0.000	0	1,234.568	ssf@0.18.5
-1234.5678	#,##0.000	0	-1,234.568	ssf@0.18.5
1234567.891	#,##0.000	0	1,234,567.891	ssf@0.18.5
0.123456	#,##0.000	0	0.123	ssf@0.18.5
99.995	#,##0.000	0	99.995	ssf@0.18.5
-99.995	#,##0.000	0	-99.995	ssf@0.18.5
0.0001	#,##0.000	0	0.000	ssf@0.18.5
123456789	#,##0.000	0	123,456,789.000	ssf@0.18.5
0.0001234	#,##0.000	0	0.000	ssf@0.18.5
0	0%	0	0%	ssf@0.18.5
1	0%	0	100%	ssf@0.18.5
-1	0%	0	-100%	ssf@0.18.5
0.5	0%	0	50%	ssf@0.18.5
-0.5	0%	0	-50%	ssf@0.18.5
2.5	0%	0	250%	ssf@0.18.5
5.5	0%	0	550%	ssf@0.18.5
-5.5	0%	0	-550%	ssf@0.18.5
0.05	0%	0	5%	ssf@0.18.5
1234.5678	0%	0	123457%	ssf@0.18.5
-1234.5678	0%	0	-123457%	ssf@0.18.5
1234567.891	0%	0	123456789%	ssf@0.18.5
0.123456	0%	0	12%	ssf@0.18.5
99.995	0%	0	10000%	ssf@0.18.5
0.0001	0%	0	0%	ssf@0.18.5
123456789	0%	0	12345678900%	ssf@0.18.5
0.0001234	0%	0	0%	ssf@0.18.5
0	0.0%	0	0.0%	ssf@0.18.5
1	0.0%	0	100.0%	ssf@0.18.5
-1	0.0%	0	-100.0%	ssf@0.18.5
0.5	0.0%	0	50.0%	ssf@0.18.5
-0.5	0.0%	0	-50.0%	ssf@0.18.5
2.5	0.0%	0	250.0%	ssf@0.18.5
5.5	0.0%	0	550.0%	ssf@0.18.5
-5.5	0.0%	0	-550.0%	ssf@0.18.5
0.05	0.0%	0	5.0%	ssf@0.18.5
1234.5678	0.0%	0	123456.8%	ssf@0.18.5
-1234.5678	0.0%	0	-123456.8%	ssf@0.18.5
1234567.891	0.0%	0	123456789.1%	ssf@0.18.5
0.123456	0.0%	0	12.3%	ssf@0.18.5
99.995	0.0%	0	9999.5%	ssf@0.18.5
-99.995	0.0%	0	-9999.5%	ssf@0.18.5
0.0001	0.0%	0	0.0%	ssf@0.18.5
123456789	0.0%	0	12345678900.0%	ssf@0.18.5
0.0001234	0.0%	0	0.0%	ssf@0.18.5
0	0.00%	0	0.00%	ssf@0.18.5
1	0.00%	0	100.00%	ssf@0.18.5
-1	0.00%	0	-100.00%	ssf@0.18.5
0.5	0.00%	0	50.00%	ssf@0.18.5
-0.5	0.00%	0	-50.00%	ssf@0.18.5
2.5	0.00%	0	250.00%	ssf@0.18.5
5.5	0.00%	0	550.00%	ssf@0.18.5
-5.5	0.00%	0	-550.00%	ssf@0.18.5
0.05	0.00%	0	5.00%	ssf@0.18.5
1234.5678	0.00%	0	123456.78%	ssf@0.18.5
-1234.5678	0.00%	0	-123456.78%	ssf@0.18.5
1234567.891	0.00%	0	123456789.10%	ssf@0.18.5
0.123456	0.00%	0	12.35%	ssf@0.18.5
99.995	0.00%	0	9999.50%	ssf@0.18.5
-99.995	0.00%	0	-9999.50%	ssf@0.18.5
0.0001	0.00%	0	0.01%	ssf@0.18.5
123456789	0.00%	0	12345678900.00%	ssf@0.18.5
0.0001234	0.00%	0	0.01%	ssf@0.18.5
0	0.00E+00	0	0.00E+00	ssf@0.18.5
1	0.00E+00	0	1.00E+00	ssf@0.18.5
-1	0.00E+00	0	-1.00E+00	ssf@0.18.5
0.5	0.00E+00	0	5.00E-01	ssf@0.18.5
-0.5	0.00E+00	0	-5.00E-01	ssf@0.18.5
2.5	0.00E+00	0	2.50E+00	ssf@0.18.5
5.5	0.00E+00	0	5.50E+00	ssf@0.18.5
-5.5	0.00E+00	0	-5.50E+00	ssf@0.18.5
0.05	0.00E+00	0	5.00E-02	ssf@0.18.5
1234.5678	0.00E+00	0	1.23E+03	ssf@0.18.5
-1234.5678	0.00E+00	0	-1.23E+03	ssf@0.18.5
1234567.891	0.00E+00	0	1.23E+06	ssf@0.18.5
0.123456	0.00E+00	0	1.23E-01	ssf@0.18.5
99.995	0.00E+00	0	1.00E+02	ssf@0.18.5
-99.995	0.00E+00	0	-1.00E+02	ssf@0.18.5
0.0001	0.00E+00	0	1.00E-04	ssf@0.18.5
123456789	0.00E+00	0	1.23E+08	ssf@0.18.5
0.0001234	0.00E+00	0	1.23E-04	ssf@0.18.5
0	##0.0E+0	0	0.0E+0	ssf@0.18.5
1	##0.0E+0	0	1.0E+0	ssf@0.18.5
-1	##0.0E+0	0	-1.0E+0	ssf@0.18.5
0.5	##0.0E+0	0	500.0E-3	ssf@0.18.5
-0.5	##0.0E+0	0	-500.0E-3	ssf@0.18.5
2.5	##0.0E+0	0	2.5E+0	ssf@0.18.5
5.5	##0.0E+0	0	5.5E+0	ssf@0.18.5
-5.5	##0.0E+0	0	-5.5E+0	ssf@0.18.5
0.05	##0.0E+0	0	50.0E-3	ssf@0.18.5
1234.5678	##0.0E+0	0	1.2E+3	ssf@0.18.5
-1234.5678	##0.0E+0	0	-1.2E+3	ssf@0.18.5
1234567.891	##0.0E+0	0	1.2E+6	ssf@0.18.5
0.123456	##0.0E+0	0	123.5E-3	ssf@0.18.5
0.0001	##0.0E+0	0	100.0E-6	ssf@0.18.5
123456789	##0.0E+0	0	123.5E+6	ssf@0.18.5
0.0001234	##0.0E+0	0	123.4E-6	ssf@0.18.5
0	0.0#	0	0.0	ssf@0.18.5
1	0.0#	0	1.0	ssf@0.18.5
-1	0.0#	0	-1.0	ssf@0.18.5
0.5	0.0#	0	0.5	ssf@0.18.5
-0.5	0.0#	0	-0.5	ssf@0.18.5
2.5	0.0#	0	2.5	ssf@0.18.5
5.5	0.0#	0	5.5	ssf@0.18.5
-5.5	0.0#	0	-5.5	ssf@0.18.5
0.05	0.0#	0	0.05	ssf@0.18.5
1234.5678	0.0#	0	1234.57	ssf@0.18.5
-1234.5678	0.0#	0	-1234.57	ssf@0.18.5
1234567.891	0.0#	0	1234567.89	ssf@0.18.5
0.123456	0.0#	0	0.12	ssf@0.18.5
99.995	0.0#	0	100.0	ssf@0.18.5
0.0001	0.0#	0	0.0	ssf@0.18.5
123456789	0.0#	0	123456789.0	ssf@0.18.5
0.0001234	0.0#	0	0.0	ssf@0.18.5
0	0.00#	0	0.00	ssf@0.18.5
1	0.00#	0	1.00	ssf@0.18.5
-1	0.00#	0	-1.00	ssf@0.18.5
0.5	0.00#	0	0.50	ssf@0.18.5
-0.5	0.00#	0	-0.50	ssf@0.18.5
2.5	0.00#	0	2.50	ssf@0.18.5
5.5	0.00#	0	5.50	ssf@0.18.5
-5.5	0.00#	0	-5.50	ssf@0.18.5
0.05	0.00#	0	0.05	ssf@0.18.5
1234.5678	0.00#	0	1234.568	ssf@0.18.5
-1234.5678	0.00#	0	-1234.568	ssf@0.18.5
1234567.891	0.00#	0	1234567.891	ssf@0.18.5
0.123456	0.00#	0	0.123	ssf@0.18.5
99.995	0.00#	0	99.995	ssf@0.18.5
-99.995	0.00#	0	-99.995	ssf@0.18.5
0.0001	0.00#	0	0.00	ssf@0.18.5
123456789	0.00#	0	123456789.00	ssf@0.18.5
0.0001234	0.00#	0	0.00	ssf@0.18.5
0	#.##	0	.	ssf@0.18.5
1	#.##	0	1.	ssf@0.18.5
-1	#.##	0	-1.	ssf@0.18.5
0.5	#.##	0	.5	ssf@0.18.5
2.5	#.##	0	2.5	ssf@0.18.5
5.5	#.##	0	5.5	ssf@0.18.5
-5.5	#.##	0	-5.5	ssf@0.18.5
0.05	#.##	0	.05	ssf@0.18.5
1234.5678	#.##	0	1234.57	ssf@0.18.5
-1234.5678	#.##	0	-1234.57	ssf@0.18.5
1234567.891	#.##	0	1234567.89	ssf@0.18.5
0.123456	#.##	0	.12	ssf@0.18.5
99.995	#.##	0	100.	ssf@0.18.5
0.0001	#.##	0	.	ssf@0.18.5
123456789	#.##	0	123456789.	ssf@0.18.5
0.0001234	#.##	0	.	ssf@0.18.5
0	#,##0,	0	0	ssf@0.18.5
1	#,##0,	0	0	ssf@0.18.5
-1	#,##0,	0	-0	ssf@0.18.5
0.5	#,##0,	0	0	ssf@0.18.5
-0.5	#,##0,	0	-0	ssf@0.18.5
2.5	#,##0,	0	0	ssf@0.18.5
5.5	#,##0,	0	0	ssf@0.18.5
-5.5	#,##0,	0	-0	ssf@0.18.5
0.05	#,##0,	0	0	ssf@0.18.5
1234.5678	#,##0,	0	1	ssf@0.18.5
-1234.5678	#,##0,	0	-1	ssf@0.18.5
1234567.891	#,##0,	0	1,235	ssf@0.18.5
0.123456	#,##0,	0	0	ssf@0.18.5
99.995	#,##0,	0	0	ssf@0.18.5
-99.995	#,##0,	0	-0	ssf@0.18.5
0.0001	#,##0,	0	0	ssf@0.18.5
123456789	#,##0,	0	123,457	ssf@0.18.5
0.0001234	#,##0,	0	0	ssf@0.18.5
0	0.0,,	0	0.0	ssf@0.18.5
1	0.0,,	0	0.0	ssf@0.18.5
0.5	0.0,,	0	0.0	ssf@0.18.5
2.5	0.0,,	0	0.0	ssf@0.18.5
5.5	0.0,,	0	0.0	ssf@0.18.5
0.05	0.0,,	0	0.0	ssf@0.18.5
1234.5678	0.0,,	0	0.0	ssf@0.18.5
1234567.891	0.0,,	0	1.2	ssf@0.18.5
0.123456	0.0,,	0	0.0	ssf@0.18.5
99.995	0.0,,	0	0.0	ssf@0.18.5
0.0001	0.0,,	0	0.0	ssf@0.18.5
123456789	0.0,,	0	123.5	ssf@0.18.5
0.0001234	0.0,,	0	0.0	ssf@0.18.5
0	$#,##0.00	0	$0.00	ssf@0.18.5
1	$#,##0.00	0	$1.00	ssf@0.18.5
-1	$#,##0.00	0	-$1.00	ssf@0.18.5
0.5	$#,##0.00	0	$0.50	ssf@0.18.5
-0.5	$#,##0.00	0	-$0.50	ssf@0.18.5
2.5	$#,##0.00	0	$2.50	ssf@0.18.5
5.5	$#,##0.00	0	$5.50	ssf@0.18.5
-5.5	$#,##0.00	0	-$5.50	ssf@0.18.5
0.05	$#,##0.00	0	$0.05	ssf@0.18.5
1234.5678	$#,##0.00	0	$1,234.57	ssf@0.18.5
-1234.5678	$#,##0.00	0	-$1,234.57	ssf@0.18.5
1234567.891	$#,##0.00	0	$1,234,567.89	ssf@0.18.5
0.123456	$#,##0.00	0	$0.12	ssf@0.18.5
99.995	$#,##0.00	0	$100.00	ssf@0.18.5
-99.995	$#,##0.00	0	-$100.00	ssf@0.18.5
0.0001	$#,##0.00	0	$0.00	ssf@0.18.5
123456789	$#,##0.00	0	$123,456,789.00	ssf@0.18.5
0.0001234	$#,##0.00	0	$0.00	ssf@0.18.5
0	$#,##0	0	$0	ssf@0.18.5
1	$#,##0	0	$1	ssf@0.18.5
-1	$#,##0	0	-$1	ssf@0.18.5
0.5	$#,##0	0	$1	ssf@0.18.5
-0.5	$#,##0	0	-$1	ssf@0.18.5
2.5	$#,##0	0	$3	ssf@0.18.5
5.5	$#,##0	0	$6	ssf@0.18.5
-5.5	$#,##0	0	-$6	ssf@0.18.5
0.05	$#,##0	0	$0	ssf@0.18.5
1234.5678	$#,##0	0	$1,235	ssf@0.18.5
-1234.5678	$#,##0	0	-$1,235	ssf@0.18.5
1234567.891	$#,##0	0	$1,234,568	ssf@0.18.5
0.123456	$#,##0	0	$0	ssf@0.18.5
99.995	$#,##0	0	$100	ssf@0.18.5
-99.995	$#,##0	0	-$100	ssf@0.18.5
0.0001	$#,##0	0	$0	ssf@0.18.5
123456789	$#,##0	0	$123,456,789	ssf@0.18.5
0.0001234	$#,##0	0	$0	ssf@0.18.5
0	0;(0)	0	0	ssf@0.18.5
1	0;(0)	0	1	ssf@0.18.5
-1	0;(0)	0	(1)	ssf@0.18.5
0.5	0;(0)	0	1	ssf@0.18.5
-0.5	0;(0)	0	(1)	ssf@0.18.5
2.5	0;(0)	0	3	ssf@0.18.5
5.5	0;(0)	0	6	ssf@0.18.5
-5.5	0;(0)	0	(6)	ssf@0.18.5
0.05	0;(0)	0	0	ssf@0.18.5
1234.5678	0;(0)	0	1235	ssf@0.18.5
-1234.5678	0;(0)	0	(1235)	ssf@0.18.5
1234567.891	0;(0)	0	1234568	ssf@0.18.5
0.123456	0;(0)	0	0	ssf@0.18.5
99.995	0;(0)	0	100	ssf@0.18.5
-99.995	0;(0)	0	(100)	ssf@0.18.5
0.0001	0;(0)	0	0	ssf@0.18.5
123456789	0;(0)	0	123456789	ssf@0.18.5
0.0001234	0;(0)	0	0	ssf@0.18.5
0	0.00;(0.00)	0	0.00	ssf@0.18.5
1	0.00;(0.00)	0	1.00	ssf@0.18.5
-1	0.00;(0.00)	0	(1.00)	ssf@0.18.5
0.5	0.00;(0.00)	0	0.50	ssf@0.18.5
-0.5	0.00;(0.00)	0	(0.50)	ssf@0.18.5
2.5	0.00;(0.00)	0	2.50	ssf@0.18.5
5.5	0.00;(0.00)	0	5.50	ssf@0.18.5
-5.5	0.00;(0.00)	0	(5.50)	ssf@0.18.5
0.05	0.00;(0.00)	0	0.05	ssf@0.18.5
1234.5678	0.00;(0.00)	0	1234.57	ssf@0.18.5
-1234.5678	0.00;(0.00)	0	(1234.57)	ssf@0.18.5
1234567.891	0.00;(0.00)	0	1234567.89	ssf@0.18.5
0.123456	0.00;(0.00)	0	0.12	ssf@0.18.5
99.995	0.00;(0.00)	0	100.00	ssf@0.18.5
-99.995	0.00;(0.00)	0	(100.00)	ssf@0.18.5
0.0001	0.00;(0.00)	0	0.00	ssf@0.18.5
123456789	0.00;(0.00)	0	123456789.00	ssf@0.18.5
0.0001234	0.00;(0.00)	0	0.00	ssf@0.18.5
0	#,##0.00;(#,##0.00)	0	0.00	ssf@0.18.5
1	#,##0.00;(#,##0.00)	0	1.00	ssf@0.18.5
-1	#,##0.00;(#,##0.00)	0	(1.00)	ssf@0.18.5
0.5	#,##0.00;(#,##0.00)	0	0.50	ssf@0.18.5
-0.5	#,##0.00;(#,##0.00)	0	(0.50)	ssf@0.18.5
2.5	#,##0.00;(#,##0.00)	0	2.50	ssf@0.18.5
5.5	#,##0.00;(#,##0.00)	0	5.50	ssf@0.18.5
-5.5	#,##0.00;(#,##0.00)	0	(5.50)	ssf@0.18.5
0.05	#,##0.00;(#,##0.00)	0	0.05	ssf@0.18.5
1234.5678	#,##0.00;(#,##0.00)	0	1,234.57	ssf@0.18.5
-1234.5678	#,##0.00;(#,##0.00)	0	(1,234.57)	ssf@0.18.5
1234567.891	#,##0.00;(#,##0.00)	0	1,234,567.89	ssf@0.18.5
0.123456	#,##0.00;(#,##0.00)	0	0.12	ssf@0.18.5
99.995	#,##0.00;(#,##0.00)	0	100.00	ssf@0.18.5
-99.995	#,##0.00;(#,##0.00)	0	(100.00)	ssf@0.18.5
0.0001	#,##0.00;(#,##0.00)	0	0.00	ssf@0.18.5
123456789	#,##0.00;(#,##0.00)	0	123,456,789.00	ssf@0.18.5
0.0001234	#,##0.00;(#,##0.00)	0	0.00	ssf@0.18.5
0	$#,##0_);($#,##0)	0	$0	ssf@0.18.5
1	$#,##0_);($#,##0)	0	$1	ssf@0.18.5
-1	$#,##0_);($#,##0)	0	($1)	ssf@0.18.5
0.5	$#,##0_);($#,##0)	0	$1	ssf@0.18.5
-0.5	$#,##0_);($#,##0)	0	($1)	ssf@0.18.5
2.5	$#,##0_);($#,##0)	0	$3	ssf@0.18.5
5.5	$#,##0_);($#,##0)	0	$6	ssf@0.18.5
-5.5	$#,##0_);($#,##0)	0	($6)	ssf@0.18.5
0.05	$#,##0_);($#,##0)	0	$0	ssf@0.18.5
1234.5678	$#,##0_);($#,##0)	0	$1,235	ssf@0.18.5
-1234.5678	$#,##0_);($#,##0)	0	($1,235)	ssf@0.18.5
1234567.891	$#,##0_);($#,##0)	0	$1,234,568	ssf@0.18.5
0.123456	$#,##0_);($#,##0)	0	$0	ssf@0.18.5
99.995	$#,##0_);($#,##0)	0	$100	ssf@0.18.5
-99.995	$#,##0_);($#,##0)	0	($100)	ssf@0.18.5
0.0001	$#,##0_);($#,##0)	0	$0	ssf@0.18.5
123456789	$#,##0_);($#,##0)	0	$123,456,789	ssf@0.18.5
0.0001234	$#,##0_);($#,##0)	0	$0	ssf@0.18.5
0	$#,##0.00_);[Red]($#,##0.00)	0	$0.00	ssf@0.18.5
1	$#,##0.00_);[Red]($#,##0.00)	0	$1.00	ssf@0.18.5
-1	$#,##0.00_);[Red]($#,##0.00)	0	($1.00)	ssf@0.18.5
0.5	$#,##0.00_);[Red]($#,##0.00)	0	$0.50	ssf@0.18.5
-0.5	$#,##0.00_);[Red]($#,##0.00)	0	($0.50)	ssf@0.18.5
2.5	$#,##0.00_);[Red]($#,##0.00)	0	$2.50	ssf@0.18.5
5.5	$#,##0.00_);[Red]($#,##0.00)	0	$5.50	ssf@0.18.5
-5.5	$#,##0.00_);[Red]($#,##0.00)	0	($5.50)	ssf@0.18.5
0.05	$#,##0.00_);[Red]($#,##0.00)	0	$0.05	ssf@0.18.5
1234.5678	$#,##0.00_);[Red]($#,##0.00)	0	$1,234.57	ssf@0.18.5
-1234.5678	$#,##0.00_);[Red]($#,##0.00)	0	($1,234.57)	ssf@0.18.5
1234567.891	$#,##0.00_);[Red]($#,##0.00)	0	$1,234,567.89	ssf@0.18.5
0.123456	$#,##0.00_);[Red]($#,##0.00)	0	$0.12	ssf@0.18.5
99.995	$#,##0.00_);[Red]($#,##0.00)	0	$100.00	ssf@0.18.5
-99.995	$#,##0.00_);[Red]($#,##0.00)	0	($100.00)	ssf@0.18.5
0.0001	$#,##0.00_);[Red]($#,##0.00)	0	$0.00	ssf@0.18.5
123456789	$#,##0.00_);[Red]($#,##0.00)	0	$123,456,789.00	ssf@0.18.5
0.0001234	$#,##0.00_);[Red]($#,##0.00)	0	$0.00	ssf@0.18.5
0	#,##0 ;(#,##0)	0	0	ssf@0.18.5
1	#,##0 ;(#,##0)	0	1	ssf@0.18.5
-1	#,##0 ;(#,##0)	0	(1)	ssf@0.18.5
0.5	#,##0 ;(#,##0)	0	1	ssf@0.18.5
-0.5	#,##0 ;(#,##0)	0	(1)	ssf@0.18.5
2.5	#,##0 ;(#,##0)	0	3	ssf@0.18.5
5.5	#,##0 ;(#,##0)	0	6	ssf@0.18.5
-5.5	#,##0 ;(#,##0)	0	(6)	ssf@0.18.5
0.05	#,##0 ;(#,##0)	0	0	ssf@0.18.5
1234.5678	#,##0 ;(#,##0)	0	1,235	ssf@0.18.5
-1234.5678	#,##0 ;(#,##0)	0	(1,235)	ssf@0.18.5
1234567.891	#,##0 ;(#,##0)	0	1,234,568	ssf@0.18.5
0.123456	#,##0 ;(#,##0)	0	0	ssf@0.18.5
99.995	#,##0 ;(#,##0)	0	100	ssf@0.18.5
-99.995	#,##0 ;(#,##0)	0	(100)	ssf@0.18.5
0.0001	#,##0 ;(#,##0)	0	0	ssf@0.18.5
123456789	#,##0 ;(#,##0)	0	123,456,789	ssf@0.18.5
0.0001234	#,##0 ;(#,##0)	0	0	ssf@0.18.5
0	0;-0;"zero"	0	zero	ssf@0.18.5
1	0;-0;"zero"	0	1	ssf@0.18.5
-1	0;-0;"zero"	0	-1	ssf@0.18.5
0.5	0;-0;"zero"	0	1	ssf@0.18.5
-0.5	0;-0;"zero"	0	-1	ssf@0.18.5
2.5	0;-0;"zero"	0	3	ssf@0.18.5
5.5	0;-0;"zero"	0	6	ssf@0.18.5
-5.5	0;-0;"zero"	0	-6	ssf@0.18.5
0.05	0;-0;"zero"	0	0	ssf@0.18.5
1234.5678	0;-0;"zero"	0	1235	ssf@0.18.5
-1234.5678	0;-0;"zero"	0	-1235	ssf@0.18.5
1234567.891	0;-0;"zero"	0	1234568	ssf@0.18.5
0.123456	0;-0;"zero"	0	0	ssf@0.18.5
99.995	0;-0;"zero"	0	100	ssf@0.18.5
-99.995	0;-0;"zero"	0	-100	ssf@0.18.5
0.0001	0;-0;"zero"	0	0	ssf@0.18.5
123456789	0;-0;"zero"	0	123456789	ssf@0.18.5
0.0001234	0;-0;"zero"	0	0	ssf@0.18.5
0	"x"0.0"y"	0	x0.0y	ssf@0.18.5
1	"x"0.0"y"	0	x1.0y	ssf@0.18.5
-1	"x"0.0"y"	0	-x1.0y	ssf@0.18.5
0.5	"x"0.0"y"	0	x0.5y	ssf@0.18.5
-0.5	"x"0.0"y"	0	-x0.5y	ssf@0.18.5
2.5	"x"0.0"y"	0	x2.5y	ssf@0.18.5
5.5	"x"0.0"y"	0	x5.5y	ssf@0.18.5
-5.5	"x"0.0"y"	0	-x5.5y	ssf@0.18.5
0.05	"x"0.0"y"	0	x0.1y	ssf@0.18.5
1234.5678	"x"0.0"y"	0	x1234.6y	ssf@0.18.5
-1234.5678	"x"0.0"y"	0	-x1234.6y	ssf@0.18.5
1234567.891	"x"0.0"y"	0	x1234567.9y	ssf@0.18.5
0.123456	"x"0.0"y"	0	x0.1y	ssf@0.18.5
99.995	"x"0.0"y"	0	x100.0y	ssf@0.18.5
-99.995	"x"0.0"y"	0	-x100.0y	ssf@0.18.5
0.0001	"x"0.0"y"	0	x0.0y	ssf@0.18.5
123456789	"x"0.0"y"	0	x123456789.0y	ssf@0.18.5
0.0001234	"x"0.0"y"	0	x0.0y	ssf@0.18.5
0	0" units"	0	0 units	ssf@0.18.5
1	0" units"	0	1 units	ssf@0.18.5
-1	0" units"	0	-1 units	ssf@0.18.5
0.5	0" units"	0	1 units	ssf@0.18.5
2.5	0" units"	0	3 units	ssf@0.18.5
5.5	0" units"	0	6 units	ssf@0.18.5
0.05	0" units"	0	0 units	ssf@0.18.5
1234.5678	0" units"	0	1235 units	ssf@0.18.5
-1234.5678	0" units"	0	-1235 units	ssf@0.18.5
1234567.891	0" units"	0	1234568 units	ssf@0.18.5
0.123456	0" units"	0	0 units	ssf@0.18.5
99.995	0" units"	0	100 units	ssf@0.18.5
-99.995	0" units"	0	-100 units	ssf@0.18.5
0.0001	0" units"	0	0 units	ssf@0.18.5
123456789	0" units"	0	123456789 units	ssf@0.18.5
0.0001234	0" units"	0	0 units	ssf@0.18.5
0	0\h	0	0h	ssf@0.18.5
1	0\h	0	1h	ssf@0.18.5
-1	0\h	0	-1h	ssf@0.18.5
0.5	0\h	0	1h	ssf@0.18.5
2.5	0\h	0	3h	ssf@0.18.5
5.5	0\h	0	6h	ssf@0.18.5
0.05	0\h	0	0h	ssf@0.18.5
1234.5678	0\h	0	1235h	ssf@0.18.5
-1234.5678	0\h	0	-1235h	ssf@0.18.5
1234567.891	0\h	0	1234568h	ssf@0.18.5
0.123456	0\h	0	0h	ssf@0.18.5
99.995	0\h	0	100h	ssf@0.18.5
-99.995	0\h	0	-100h	ssf@0.18.5
0.0001	0\h	0	0h	ssf@0.18.5
123456789	0\h	0	123456789h	ssf@0.18.5
0.0001234	0\h	0	0h	ssf@0.18.5
0	[>=1000]#,##0;[<1000]0.00	0	0.00	ssf@0.18.5
1	[>=1000]#,##0;[<1000]0.00	0	1.00	ssf@0.18.5
-1	[>=1000]#,##0;[<1000]0.00	0	1.00	ssf@0.18.5
0.5	[>=1000]#,##0;[<1000]0.00	0	0.50	ssf@0.18.5
-0.5	[>=1000]#,##0;[<1000]0.00	0	0.50	ssf@0.18.5
2.5	[>=1000]#,##0;[<1000]0.00	0	2.50	ssf@0.18.5
5.5	[>=1000]#,##0;[<1000]0.00	0	5.50	ssf@0.18.5
-5.5	[>=1000]#,##0;[<1000]0.00	0	5.50	ssf@0.18.5
0.05	[>=1000]#,##0;[<1000]0.00	0	0.05	ssf@0.18.5
1234.5678	[>=1000]#,##0;[<1000]0.00	0	1,235	ssf@0.18.5
-1234.5678	[>=1000]#,##0;[<1000]0.00	0	1234.57	ssf@0.18.5
1234567.891	[>=1000]#,##0;[<1000]0.00	0	1,234,568	ssf@0.18.5
0.123456	[>=1000]#,##0;[<1000]0.00	0	0.12	ssf@0.18.5
99.995	[>=1000]#,##0;[<1000]0.00	0	100.00	ssf@0.18.5
-99.995	[>=1000]#,##0;[<1000]0.00	0	100.00	ssf@0.18.5
0.0001	[>=1000]#,##0;[<1000]0.00	0	0.00	ssf@0.18.5
123456789	[>=1000]#,##0;[<1000]0.00	0	123,456,789	ssf@0.18.5
0.0001234	[>=1000]#,##0;[<1000]0.00	0	0.00	ssf@0.18.5
0	[Red]0.00	0	0.00	ssf@0.18.5
1	[Red]0.00	0	1.00	ssf@0.18.5
-1	[Red]0.00	0	-1.00	ssf@0.18.5
0.5	[Red]0.00	0	0.50	ssf@0.18.5
-0.5	[Red]0.00	0	-0.50	ssf@0.18.5
2.5	[Red]0.00	0	2.50	ssf@0.18.5
5.5	[Red]0.00	0	5.50	ssf@0.18.5
-5.5	[Red]0.00	0	-5.50	ssf@0.18.5
0.05	[Red]0.00	0	0.05	ssf@0.18.5
1234.5678	[Red]0.00	0	1234.57	ssf@0.18.5
-1234.5678	[Red]0.00	0	-1234.57	ssf@0.18.5
1234567.891	[Red]0.00	0	1234567.89	ssf@0.18.5
0.123456	[Red]0.00	0	0.12	ssf@0.18.5
99.995	[Red]0.00	0	100.00	ssf@0.18.5
0.0001	[Red]0.00	0	0.00	ssf@0.18.5
123456789	[Red]0.00	0	123456789.00	ssf@0.18.5
0.0001234	[Red]0.00	0	0.00	ssf@0.18.5
0	[Blue]0;[Red]-0	0	0	ssf@0.18.5
1	[Blue]0;[Red]-0	0	1	ssf@0.18.5
-1	[Blue]0;[Red]-0	0	-1	ssf@0.18.5
0.5	[Blue]0;[Red]-0	0	1	ssf@0.18.5
-0.5	[Blue]0;[Red]-0	0	-1	ssf@0.18.5
2.5	[Blue]0;[Red]-0	0	3	ssf@0.18.5
5.5	[Blue]0;[Red]-0	0	6	ssf@0.18.5
-5.5	[Blue]0;[Red]-0	0	-6	ssf@0.18.5
0.05	[Blue]0;[Red]-0	0	0	ssf@0.18.5
1234.5678	[Blue]0;[Red]-0	0	1235	ssf@0.18.5
-1234.5678	[Blue]0;[Red]-0	0	-1235	ssf@0.18.5
1234567.891	[Blue]0;[Red]-0	0	1234568	ssf@0.18.5
0.123456	[Blue]0;[Red]-0	0	0	ssf@0.18.5
99.995	[Blue]0;[Red]-0	0	100	ssf@0.18.5
-99.995	[Blue]0;[Red]-0	0	-100	ssf@0.18.5
0.0001	[Blue]0;[Red]-0	0	0	ssf@0.18.5
123456789	[Blue]0;[Red]-0	0	123456789	ssf@0.18.5
0.0001234	[Blue]0;[Red]-0	0	0	ssf@0.18.5
0	0%%	0	0%%	ssf@0.18.5
1	0%%	0	10000%%	ssf@0.18.5
-1	0%%	0	-10000%%	ssf@0.18.5
0.5	0%%	0	5000%%	ssf@0.18.5
-0.5	0%%	0	-5000%%	ssf@0.18.5
2.5	0%%	0	25000%%	ssf@0.18.5
5.5	0%%	0	55000%%	ssf@0.18.5
-5.5	0%%	0	-55000%%	ssf@0.18.5
0.05	0%%	0	500%%	ssf@0.18.5
1234.5678	0%%	0	12345678%%	ssf@0.18.5
-1234.5678	0%%	0	-12345678%%	ssf@0.18.5
1234567.891	0%%	0	12345678910%%	ssf@0.18.5
0.123456	0%%	0	1235%%	ssf@0.18.5
99.995	0%%	0	999950%%	ssf@0.18.5
-99.995	0%%	0	-999950%%	ssf@0.18.5
0.0001	0%%	0	1%%	ssf@0.18.5
123456789	0%%	0	1234567890000%%	ssf@0.18.5
0.0001234	0%%	0	1%%	ssf@0.18.5
0	0.0%%	0	0.0%%	ssf@0.18.5
1	0.0%%	0	10000.0%%	ssf@0.18.5
-1	0.0%%	0	-10000.0%%	ssf@0.18.5
0.5	0.0%%	0	5000.0%%	ssf@0.18.5
-0.5	0.0%%	0	-5000.0%%	ssf@0.18.5
2.5	0.0%%	0	25000.0%%	ssf@0.18.5
5.5	0.0%%	0	55000.0%%	ssf@0.18.5
-5.5	0.0%%	0	-55000.0%%	ssf@0.18.5
0.05	0.0%%	0	500.0%%	ssf@0.18.5
1234.5678	0.0%%	0	12345678.0%%	ssf@0.18.5
-1234.5678	0.0%%	0	-12345678.0%%	ssf@0.18.5
1234567.891	0.0%%	0	12345678910.0%%	ssf@0.18.5
0.123456	0.0%%	0	1234.6%%	ssf@0.18.5
99.995	0.0%%	0	999950.0%%	ssf@0.18.5
-99.995	0.0%%	0	-999950.0%%	ssf@0.18.5
0.0001	0.0%%	0	1.0%%	ssf@0.18.5
123456789	0.0%%	0	1234567890000.0%%	ssf@0.18.5
0.0001234	0.0%%	0	1.2%%	ssf@0.18.5
0	0_)	0	0	ssf@0.18.5
1	0_)	0	1	ssf@0.18.5
-1	0_)	0	-1	ssf@0.18.5
0.5	0_)	0	1	ssf@0.18.5
2.5	0_)	0	3	ssf@0.18.5
5.5	0_)	0	6	ssf@0.18.5
0.05	0_)	0	0	ssf@0.18.5
1234.5678	0_)	0	1235	ssf@0.18.5
-1234.5678	0_)	0	-1235	ssf@0.18.5
1234567.891	0_)	0	1234568	ssf@0.18.5
0.123456	0_)	0	0	ssf@0.18.5
99.995	0_)	0	100	ssf@0.18.5
-99.995	0_)	0	-100	ssf@0.18.5
0.0001	0_)	0	0	ssf@0.18.5
123456789	0_)	0	123456789	ssf@0.18.5
0.0001234	0_)	0	0	ssf@0.18.5
0	0.00_);(0.00)	0	0.00	ssf@0.18.5
1	0.00_);(0.00)	0	1.00	ssf@0.18.5
-1	0.00_);(0.00)	0	(1.00)	ssf@0.18.5
0.5	0.00_);(0.00)	0	0.50	ssf@0.18.5
-0.5	0.00_);(0.00)	0	(0.50)	ssf@0.18.5
2.5	0.00_);(0.00)	0	2.50	ssf@0.18.5
5.5	0.00_);(0.00)	0	5.50	ssf@0.18.5
-5.5	0.00_);(0.00)	0	(5.50)	ssf@0.18.5
0.05	0.00_);(0.00)	0	0.05	ssf@0.18.5
1234.5678	0.00_);(0.00)	0	1234.57	ssf@0.18.5
-1234.5678	0.00_);(0.00)	0	(1234.57)	ssf@0.18.5
1234567.891	0.00_);(0.00)	0	1234567.89	ssf@0.18.5
0.123456	0.00_);(0.00)	0	0.12	ssf@0.18.5
99.995	0.00_);(0.00)	0	100.00	ssf@0.18.5
-99.995	0.00_);(0.00)	0	(100.00)	ssf@0.18.5
0.0001	0.00_);(0.00)	0	0.00	ssf@0.18.5
123456789	0.00_);(0.00)	0	123456789.00	ssf@0.18.5
0.0001234	0.00_);(0.00)	0	0.00	ssf@0.18.5
0	_-0_-	0	 0	ssf@0.18.5
1	_-0_-	0	 1	ssf@0.18.5
-1	_-0_-	0	- 1	ssf@0.18.5
0.5	_-0_-	0	 1	ssf@0.18.5
2.5	_-0_-	0	 3	ssf@0.18.5
5.5	_-0_-	0	 6	ssf@0.18.5
0.05	_-0_-	0	 0	ssf@0.18.5
1234.5678	_-0_-	0	 1235	ssf@0.18.5
-1234.5678	_-0_-	0	- 1235	ssf@0.18.5
1234567.891	_-0_-	0	 1234568	ssf@0.18.5
0.123456	_-0_-	0	 0	ssf@0.18.5
99.995	_-0_-	0	 100	ssf@0.18.5
-99.995	_-0_-	0	- 100	ssf@0.18.5
0.0001	_-0_-	0	 0	ssf@0.18.5
123456789	_-0_-	0	 123456789	ssf@0.18.5
0.0001234	_-0_-	0	 0	ssf@0.18.5
1	yyyy-mm-dd	0	1900-01-01	ssf@0.18.5
2	yyyy-mm-dd	0	1900-01-02	ssf@0.18.5
100	yyyy-mm-dd	0	1900-04-09	ssf@0.18.5
1000	yyyy-mm-dd	0	1902-09-26	ssf@0.18.5
36526	yyyy-mm-dd	0	2000-01-01	ssf@0.18.5
44197	yyyy-mm-dd	0	2021-01-01	ssf@0.18.5
45000.25	yyyy-mm-dd	0	2023-03-15	ssf@0.18.5
45000.5	yyyy-mm-dd	0	2023-03-15	ssf@0.18.5
45000.75	yyyy-mm-dd	0	2023-03-15	ssf@0.18.5
45000.99998842592	yyyy-mm-dd	0	2023-03-15	ssf@0.18.5
0.5	yyyy-mm-dd	0	1900-01-00	ssf@0.18.5
0.25	yyyy-mm-dd	0	1900-01-00	ssf@0.18.5
0.75	yyyy-mm-dd	0	1900-01-00	ssf@0.18.5
1.5	yyyy-mm-dd	0	1900-01-01	ssf@0.18.5
2.0625	yyyy-mm-dd	0	1900-01-02	ssf@0.18.5
0.0006944398148148148	yyyy-mm-dd	0	1900-01-00	ssf@0.18.5
0.9999999884259259	yyyy-mm-dd	0	1900-01-00	ssf@0.18.5
1	m/d/yy	0	1/1/00	ssf@0.18.5
2	m/d/yy	0	1/2/00	ssf@0.18.5
59	m/d/yy	0	2/28/00	ssf@0.18.5
60	m/d/yy	0	2/29/00	ssf@0.18.5
61	m/d/yy	0	3/1/00	ssf@0.18.5
100	m/d/yy	0	4/9/00	ssf@0.18.5
1000	m/d/yy	0	9/26/02	ssf@0.18.5
36526	m/d/yy	0	1/1/00	ssf@0.18.5
44197	m/d/yy	0	1/1/21	ssf@0.18.5
45000	m/d/yy	0	3/15/23	ssf@0.18.5
45000.25	m/d/yy	0	3/15/23	ssf@0.18.5
45000.5	m/d/yy	0	3/15/23	ssf@0.18.5
45000.75	m/d/yy	0	3/15/23	ssf@0.18.5
45000.99998842592	m/d/yy	0	3/15/23	ssf@0.18.5
0.5	m/d/yy	0	1/0/00	ssf@0.18.5
0.25	m/d/yy	0	1/0/00	ssf@0.18.5
0.75	m/d/yy	0	1/0/00	ssf@0.18.5
1.5	m/d/yy	0	1/1/00	ssf@0.18.5
2.0625	m/d/yy	0	1/2/00	ssf@0.18.5
0.0006944398148148148	m/d/yy	0	1/0/00	ssf@0.18.5
0.9999999884259259	m/d/yy	0	1/0/00	ssf@0.18.5
1	m/d/yyyy	0	1/1/1900	ssf@0.18.5
2	m/d/yyyy	0	1/2/1900	ssf@0.18.5
59	m/d/yyyy	0	2/28/1900	ssf@0.18.5
60	m/d/yyyy	0	2/29/1900	ssf@0.18.5
61	m/d/yyyy	0	3/1/1900	ssf@0.18.5
100	m/d/yyyy	0	4/9/1900	ssf@0.18.5
1000	m/d/yyyy	0	9/26/1902	ssf@0.18.5
36526	m/d/yyyy	0	1/1/2000	ssf@0.18.5
44197	m/d/yyyy	0	1/1/2021	ssf@0.18.5
45000	m/d/yyyy	0	3/15/2023	ssf@0.18.5
45000.25	m/d/yyyy	0	3/15/2023	ssf@0.18.5
45000.5	m/d/yyyy	0	3/15/2023	ssf@0.18.5
45000.75	m/d/yyyy	0	3/15/2023	ssf@0.18.5
45000.99998842592	m/d/yyyy	0	3/15/2023	ssf@0.18.5
0.5	m/d/yyyy	0	1/0/1900	ssf@0.18.5
0.25	m/d/yyyy	0	1/0/1900	ssf@0.18.5
0.75	m/d/yyyy	0	1/0/1900	ssf@0.18.5
1.5	m/d/yyyy	0	1/1/1900	ssf@0.18.5
2.0625	m/d/yyyy	0	1/2/1900	ssf@0.18.5
0.0006944398148148148	m/d/yyyy	0	1/0/1900	ssf@0.18.5
0.9999999884259259	m/d/yyyy	0	1/0/1900	ssf@0.18.5
1	mm/dd/yyyy	0	01/01/1900	ssf@0.18.5
2	mm/dd/yyyy	0	01/02/1900	ssf@0.18.5
59	mm/dd/yyyy	0	02/28/1900	ssf@0.18.5
60	mm/dd/yyyy	0	02/29/1900	ssf@0.18.5
61	mm/dd/yyyy	0	03/01/1900	ssf@0.18.5
100	mm/dd/yyyy	0	04/09/1900	ssf@0.18.5
1000	mm/dd/yyyy	0	09/26/1902	ssf@0.18.5
36526	mm/dd/yyyy	0	01/01/2000	ssf@0.18.5
44197	mm/dd/yyyy	0	01/01/2021	ssf@0.18.5
45000	mm/dd/yyyy	0	03/15/2023	ssf@0.18.5
45000.25	mm/dd/yyyy	0	03/15/2023	ssf@0.18.5
45000.5	mm/dd/yyyy	0	03/15/2023	ssf@0.18.5
45000.75	mm/dd/yyyy	0	03/15/2023	ssf@0.18.5
45000.99998842592	mm/dd/yyyy	0	03/15/2023	ssf@0.18.5
0.5	mm/dd/yyyy	0	01/00/1900	ssf@0.18.5
0.25	mm/dd/yyyy	0	01/00/1900	ssf@0.18.5
0.75	mm/dd/yyyy	0	01/00/1900	ssf@0.18.5
1.5	mm/dd/yyyy	0	01/01/1900	ssf@0.18.5
2.0625	mm/dd/yyyy	0	01/02/1900	ssf@0.18.5
0.0006944398148148148	mm/dd/yyyy	0	01/00/1900	ssf@0.18.5
0.9999999884259259	mm/dd/yyyy	0	01/00/1900	ssf@0.18.5
1	d-mmm-yy	0	1-Jan-00	ssf@0.18.5
2	d-mmm-yy	0	2-Jan-00	ssf@0.18.5
59	d-mmm-yy	0	28-Feb-00	ssf@0.18.5
60	d-mmm-yy	0	29-Feb-00	ssf@0.18.5
61	d-mmm-yy	0	1-Mar-00	ssf@0.18.5
100	d-mmm-yy	0	9-Apr-00	ssf@0.18.5
1000	d-mmm-yy	0	26-Sep-02	ssf@0.18.5
36526	d-mmm-yy	0	1-Jan-00	ssf@0.18.5
44197	d-mmm-yy	0	1-Jan-21	ssf@0.18.5
45000	d-mmm-yy	0	15-Mar-23	ssf@0.18.5
45000.25	d-mmm-yy	0	15-Mar-23	ssf@0.18.5
45000.5	d-mmm-yy	0	15-Mar-23	ssf@0.18.5
45000.75	d-mmm-yy	0	15-Mar-23	ssf@0.18.5
45000.99998842592	d-mmm-yy	0	15-Mar-23	ssf@0.18.5
0.5	d-mmm-yy	0	0-Jan-00	ssf@0.18.5
0.25	d-mmm-yy	0	0-Jan-00	ssf@0.18.5
0.75	d-mmm-yy	0	0-Jan-00	ssf@0.18.5
1.5	d-mmm-yy	0	1-Jan-00	ssf@0.18.5
2.0625	d-mmm-yy	0	2-Jan-00	ssf@0.18.5
0.0006944398148148148	d-mmm-yy	0	0-Jan-00	ssf@0.18.5
0.9999999884259259	d-mmm-yy	0	0-Jan-00	ssf@0.18.5
1	d-mmm	0	1-Jan	ssf@0.18.5
2	d-mmm	0	2-Jan	ssf@0.18.5
59	d-mmm	0	28-Feb	ssf@0.18.5
60	d-mmm	0	29-Feb	ssf@0.18.5
61	d-mmm	0	1-Mar	ssf@0.18.5
100	d-mmm	0	9-Apr	ssf@0.18.5
1000	d-mmm	0	26-Sep	ssf@0.18.5
36526	d-mmm	0	1-Jan	ssf@0.18.5
44197	d-mmm	0	1-Jan	ssf@0.18.5
45000	d-mmm	0	15-Mar	ssf@0.18.5
45000.25	d-mmm	0	15-Mar	ssf@0.18.5
45000.5	d-mmm	0	15-Mar	ssf@0.18.5
45000.75	d-mmm	0	15-Mar	ssf@0.18.5
45000.99998842592	d-mmm	0	15-Mar	ssf@0.18.5
0.5	d-mmm	0	0-Jan	ssf@0.18.5
0.25	d-mmm	0	0-Jan	ssf@0.18.5
0.75	d-mmm	0	0-Jan	ssf@0.18.5
1.5	d-mmm	0	1-Jan	ssf@0.18.5
2.0625	d-mmm	0	2-Jan	ssf@0.18.5
0.0006944398148148148	d-mmm	0	0-Jan	ssf@0.18.5
0.9999999884259259	d-mmm	0	0-Jan	ssf@0.18.5
1	mmm-yy	0	Jan-00	ssf@0.18.5
2	mmm-yy	0	Jan-00	ssf@0.18.5
59	mmm-yy	0	Feb-00	ssf@0.18.5
60	mmm-yy	0	Feb-00	ssf@0.18.5
61	mmm-yy	0	Mar-00	ssf@0.18.5
100	mmm-yy	0	Apr-00	ssf@0.18.5
1000	mmm-yy	0	Sep-02	ssf@0.18.5
36526	mmm-yy	0	Jan-00	ssf@0.18.5
44197	mmm-yy	0	Jan-21	ssf@0.18.5
45000	mmm-yy	0	Mar-23	ssf@0.18.5
45000.25	mmm-yy	0	Mar-23	ssf@0.18.5
45000.5	mmm-yy	0	Mar-23	ssf@0.18.5
45000.75	mmm-yy	0	Mar-23	ssf@0.18.5
45000.99998842592	mmm-yy	0	Mar-23	ssf@0.18.5
0.5	mmm-yy	0	Jan-00	ssf@0.18.5
0.25	mmm-yy	0	Jan-00	ssf@0.18.5
0.75	mmm-yy	0	Jan-00	ssf@0.18.5
1.5	mmm-yy	0	Jan-00	ssf@0.18.5
2.0625	mmm-yy	0	Jan-00	ssf@0.18.5
0.0006944398148148148	mmm-yy	0	Jan-00	ssf@0.18.5
0.9999999884259259	mmm-yy	0	Jan-00	ssf@0.18.5
1	mmmm d, yyyy	0	January 1, 1900	ssf@0.18.5
2	mmmm d, yyyy	0	January 2, 1900	ssf@0.18.5
59	mmmm d, yyyy	0	February 28, 1900	ssf@0.18.5
60	mmmm d, yyyy	0	February 29, 1900	ssf@0.18.5
61	mmmm d, yyyy	0	March 1, 1900	ssf@0.18.5
100	mmmm d, yyyy	0	April 9, 1900	ssf@0.18.5
1000	mmmm d, yyyy	0	September 26, 1902	ssf@0.18.5
36526	mmmm d, yyyy	0	January 1, 2000	ssf@0.18.5
44197	mmmm d, yyyy	0	January 1, 2021	ssf@0.18.5
45000	mmmm d, yyyy	0	March 15, 2023	ssf@0.18.5
45000.25	mmmm d, yyyy	0	March 15, 2023	ssf@0.18.5
45000.5	mmmm d, yyyy	0	March 15, 2023	ssf@0.18.5
45000.75	mmmm d, yyyy	0	March 15, 2023	ssf@0.18.5
45000.99998842592	mmmm d, yyyy	0	March 15, 2023	ssf@0.18.5
0.5	mmmm d, yyyy	0	January 0, 1900	ssf@0.18.5
0.25	mmmm d, yyyy	0	January 0, 1900	ssf@0.18.5
0.75	mmmm d, yyyy	0	January 0, 1900	ssf@0.18.5
1.5	mmmm d, yyyy	0	January 1, 1900	ssf@0.18.5
2.0625	mmmm d, yyyy	0	January 2, 1900	ssf@0.18.5
0.0006944398148148148	mmmm d, yyyy	0	January 0, 1900	ssf@0.18.5
0.9999999884259259	mmmm d, yyyy	0	January 0, 1900	ssf@0.18.5
2	dddd	0	Monday	ssf@0.18.5
59	dddd	0	Tuesday	ssf@0.18.5
61	dddd	0	Thursday	ssf@0.18.5
100	dddd	0	Monday	ssf@0.18.5
1000	dddd	0	Friday	ssf@0.18.5
36526	dddd	0	Saturday	ssf@0.18.5
44197	dddd	0	Friday	ssf@0.18.5
45000	dddd	0	Wednesday	ssf@0.18.5
45000.25	dddd	0	Wednesday	ssf@0.18.5
45000.5	dddd	0	Wednesday	ssf@0.18.5
45000.75	dddd	0	Wednesday	ssf@0.18.5
45000.99998842592	dddd	0	Wednesday	ssf@0.18.5
0.5	dddd	0	Saturday	ssf@0.18.5
0.25	dddd	0	Saturday	ssf@0.18.5
0.75	dddd	0	Saturday	ssf@0.18.5
1.5	dddd	0	Sunday	ssf@0.18.5
2.0625	dddd	0	Monday	ssf@0.18.5
0.0006944398148148148	dddd	0	Saturday	ssf@0.18.5
0.9999999884259259	dddd	0	Saturday	ssf@0.18.5
1	ddd	0	Sun	ssf@0.18.5
2	ddd	0	Mon	ssf@0.18.5
59	ddd	0	Tue	ssf@0.18.5
60	ddd	0	Wed	ssf@0.18.5
61	ddd	0	Thu	ssf@0.18.5
100	ddd	0	Mon	ssf@0.18.5
1000	ddd	0	Fri	ssf@0.18.5
36526	ddd	0	Sat	ssf@0.18.5
44197	ddd	0	Fri	ssf@0.18.5
45000	ddd	0	Wed	ssf@0.18.5
45000.25	ddd	0	Wed	ssf@0.18.5
45000.5	ddd	0	Wed	ssf@0.18.5
45000.75	ddd	0	Wed	ssf@0.18.5
45000.99998842592	ddd	0	Wed	ssf@0.18.5
0.5	ddd	0	Sat	ssf@0.18.5
0.25	ddd	0	Sat	ssf@0.18.5
0.75	ddd	0	Sat	ssf@0.18.5
1.5	ddd	0	Sun	ssf@0.18.5
2.0625	ddd	0	Mon	ssf@0.18.5
0.0006944398148148148	ddd	0	Sat	ssf@0.18.5
0.9999999884259259	ddd	0	Sat	ssf@0.18.5
1	h:mm	0	0:00	ssf@0.18.5
2	h:mm	0	0:00	ssf@0.18.5
59	h:mm	0	0:00	ssf@0.18.5
60	h:mm	0	0:00	ssf@0.18.5
61	h:mm	0	0:00	ssf@0.18.5
100	h:mm	0	0:00	ssf@0.18.5
1000	h:mm	0	0:00	ssf@0.18.5
36526	h:mm	0	0:00	ssf@0.18.5
44197	h:mm	0	0:00	ssf@0.18.5
45000	h:mm	0	0:00	ssf@0.18.5
45000.25	h:mm	0	6:00	ssf@0.18.5
45000.5	h:mm	0	12:00	ssf@0.18.5
45000.75	h:mm	0	18:00	ssf@0.18.5
45000.99998842592	h:mm	0	23:59	ssf@0.18.5
0.5	h:mm	0	12:00	ssf@0.18.5
0.25	h:mm	0	6:00	ssf@0.18.5
0.75	h:mm	0	18:00	ssf@0.18.5
1.5	h:mm	0	12:00	ssf@0.18.5
2.0625	h:mm	0	1:30	ssf@0.18.5
0.0006944398148148148	h:mm	0	0:01	ssf@0.18.5
1	hh:mm	0	00:00	ssf@0.18.5
2	hh:mm	0	00:00	ssf@0.18.5
59	hh:mm	0	00:00	ssf@0.18.5
60	hh:mm	0	00:00	ssf@0.18.5
61	hh:mm	0	00:00	ssf@0.18.5
100	hh:mm	0	00:00	ssf@0.18.5
1000	hh:mm	0	00:00	ssf@0.18.5
36526	hh:mm	0	00:00	ssf@0.18.5
44197	hh:mm	0	00:00	ssf@0.18.5
45000	hh:mm	0	00:00	ssf@0.18.5
45000.25	hh:mm	0	06:00	ssf@0.18.5
45000.5	hh:mm	0	12:00	ssf@0.18.5
45000.75	hh:mm	0	18:00	ssf@0.18.5
45000.99998842592	hh:mm	0	23:59	ssf@0.18.5
0.5	hh:mm	0	12:00	ssf@0.18.5
0.25	hh:mm	0	06:00	ssf@0.18.5
0.75	hh:mm	0	18:00	ssf@0.18.5
1.5	hh:mm	0	12:00	ssf@0.18.5
2.0625	hh:mm	0	01:30	ssf@0.18.5
0.0006944398148148148	hh:mm	0	00:01	ssf@0.18.5
1	h:mm:ss	0	0:00:00	ssf@0.18.5
2	h:mm:ss	0	0:00:00	ssf@0.18.5
59	h:mm:ss	0	0:00:00	ssf@0.18.5
60	h:mm:ss	0	0:00:00	ssf@0.18.5
61	h:mm:ss	0	0:00:00	ssf@0.18.5
100	h:mm:ss	0	0:00:00	ssf@0.18.5
1000	h:mm:ss	0	0:00:00	ssf@0.18.5
36526	h:mm:ss	0	0:00:00	ssf@0.18.5
44197	h:mm:ss	0	0:00:00	ssf@0.18.5
45000	h:mm:ss	0	0:00:00	ssf@0.18.5
45000.25	h:mm:ss	0	6:00:00	ssf@0.18.5
45000.5	h:mm:ss	0	12:00:00	ssf@0.18.5
45000.75	h:mm:ss	0	18:00:00	ssf@0.18.5
45000.99998842592	h:mm:ss	0	23:59:59	ssf@0.18.5
0.5	h:mm:ss	0	12:00:00	ssf@0.18.5
0.25	h:mm:ss	0	6:00:00	ssf@0.18.5
0.75	h:mm:ss	0	18:00:00	ssf@0.18.5
1.5	h:mm:ss	0	12:00:00	ssf@0.18.5
2.0625	h:mm:ss	0	1:30:00	ssf@0.18.5
1	hh:mm:ss	0	00:00:00	ssf@0.18.5
2	hh:mm:ss	0	00:00:00	ssf@0.18.5
59	hh:mm:ss	0	00:00:00	ssf@0.18.5
60	hh:mm:ss	0	00:00:00	ssf@0.18.5
61	hh:mm:ss	0	00:00:00	ssf@0.18.5
100	hh:mm:ss	0	00:00:00	ssf@0.18.5
1000	hh:mm:ss	0	00:00:00	ssf@0.18.5
36526	hh:mm:ss	0	00:00:00	ssf@0.18.5
44197	hh:mm:ss	0	00:00:00	ssf@0.18.5
45000	hh:mm:ss	0	00:00:00	ssf@0.18.5
45000.25	hh:mm:ss	0	06:00:00	ssf@0.18.5
45000.5	hh:mm:ss	0	12:00:00	ssf@0.18.5
45000.75	hh:mm:ss	0	18:00:00	ssf@0.18.5
45000.99998842592	hh:mm:ss	0	23:59:59	ssf@0.18.5
0.5	hh:mm:ss	0	12:00:00	ssf@0.18.5
0.25	hh:mm:ss	0	06:00:00	ssf@0.18.5
0.75	hh:mm:ss	0	18:00:00	ssf@0.18.5
1.5	hh:mm:ss	0	12:00:00	ssf@0.18.5
2.0625	hh:mm:ss	0	01:30:00	ssf@0.18.5
1	h:mm AM/PM	0	12:00 AM	ssf@0.18.5
2	h:mm AM/PM	0	12:00 AM	ssf@0.18.5
59	h:mm AM/PM	0	12:00 AM	ssf@0.18.5
60	h:mm AM/PM	0	12:00 AM	ssf@0.18.5
61	h:mm AM/PM	0	12:00 AM	ssf@0.18.5
100	h:mm AM/PM	0	12:00 AM	ssf@0.18.5
1000	h:mm AM/PM	0	12:00 AM	ssf@0.18.5
36526	h:mm AM/PM	0	12:00 AM	ssf@0.18.5
44197	h:mm AM/PM	0	12:00 AM	ssf@0.18.5
45000	h:mm AM/PM	0	12:00 AM	ssf@0.18.5
45000.25	h:mm AM/PM	0	6:00 AM	ssf@0.18.5
45000.5	h:mm AM/PM	0	12:00 PM	ssf@0.18.5
45000.75	h:mm AM/PM	0	6:00 PM	ssf@0.18.5
45000.99998842592	h:mm AM/PM	0	11:59 PM	ssf@0.18.5
0.5	h:mm AM/PM	0	12:00 PM	ssf@0.18.5
0.25	h:mm AM/PM	0	6:00 AM	ssf@0.18.5
0.75	h:mm AM/PM	0	6:00 PM	ssf@0.18.5
1.5	h:mm AM/PM	0	12:00 PM	ssf@0.18.5
2.0625	h:mm AM/PM	0	1:30 AM	ssf@0.18.5
0.0006944398148148148	h:mm AM/PM	0	12:01 AM	ssf@0.18.5
1	h:mm:ss AM/PM	0	12:00:00 AM	ssf@0.18.5
2	h:mm:ss AM/PM	0	12:00:00 AM	ssf@0.18.5
59	h:mm:ss AM/PM	0	12:00:00 AM	ssf@0.18.5
60	h:mm:ss AM/PM	0	12:00:00 AM	ssf@0.18.5
61	h:mm:ss AM/PM	0	12:00:00 AM	ssf@0.18.5
100	h:mm:ss AM/PM	0	12:00:00 AM	ssf@0.18.5
1000	h:mm:ss AM/PM	0	12:00:00 AM	ssf@0.18.5
36526	h:mm:ss AM/PM	0	12:00:00 AM	ssf@0.18.5
44197	h:mm:ss AM/PM	0	12:00:00 AM	ssf@0.18.5
45000	h:mm:ss AM/PM	0	12:00:00 AM	ssf@0.18.5
45000.25	h:mm:ss AM/PM	0	6:00:00 AM	ssf@0.18.5
45000.5	h:mm:ss AM/PM	0	12:00:00 PM	ssf@0.18.5
45000.75	h:mm:ss AM/PM	0	6:00:00 PM	ssf@0.18.5
45000.99998842592	h:mm:ss AM/PM	0	11:59:59 PM	ssf@0.18.5
0.5	h:mm:ss AM/PM	0	12:00:00 PM	ssf@0.18.5
0.25	h:mm:ss AM/PM	0	6:00:00 AM	ssf@0.18.5
0.75	h:mm:ss AM/PM	0	6:00:00 PM	ssf@0.18.5
1.5	h:mm:ss AM/PM	0	12:00:00 PM	ssf@0.18.5
2.0625	h:mm:ss AM/PM	0	1:30:00 AM	ssf@0.18.5
1	m/d/yy h:mm	0	1/1/00 0:00	ssf@0.18.5
2	m/d/yy h:mm	0	1/2/00 0:00	ssf@0.18.5
59	m/d/yy h:mm	0	2/28/00 0:00	ssf@0.18.5
60	m/d/yy h:mm	0	2/29/00 0:00	ssf@0.18.5
61	m/d/yy h:mm	0	3/1/00 0:00	ssf@0.18.5
100	m/d/yy h:mm	0	4/9/00 0:00	ssf@0.18.5
1000	m/d/yy h:mm	0	9/26/02 0:00	ssf@0.18.5
36526	m/d/yy h:mm	0	1/1/00 0:00	ssf@0.18.5
44197	m/d/yy h:mm	0	1/1/21 0:00	ssf@0.18.5
45000	m/d/yy h:mm	0	3/15/23 0:00	ssf@0.18.5
45000.25	m/d/yy h:mm	0	3/15/23 6:00	ssf@0.18.5
45000.5	m/d/yy h:mm	0	3/15/23 12:00	ssf@0.18.5
45000.75	m/d/yy h:mm	0	3/15/23 18:00	ssf@0.18.5
45000.99998842592	m/d/yy h:mm	0	3/15/23 23:59	ssf@0.18.5
0.5	m/d/yy h:mm	0	1/0/00 12:00	ssf@0.18.5
0.25	m/d/yy h:mm	0	1/0/00 6:00	ssf@0.18.5
0.75	m/d/yy h:mm	0	1/0/00 18:00	ssf@0.18.5
1.5	m/d/yy h:mm	0	1/1/00 12:00	ssf@0.18.5
2.0625	m/d/yy h:mm	0	1/2/00 1:30	ssf@0.18.5
0.0006944398148148148	m/d/yy h:mm	0	1/0/00 0:01	ssf@0.18.5
1	yyyy-mm-dd hh:mm:ss	0	1900-01-01 00:00:00	ssf@0.18.5
2	yyyy-mm-dd hh:mm:ss	0	1900-01-02 00:00:00	ssf@0.18.5
59	yyyy-mm-dd hh:mm:ss	0	1900-02-28 00:00:00	ssf@0.18.5
60	yyyy-mm-dd hh:mm:ss	0	1900-02-29 00:00:00	ssf@0.18.5
61	yyyy-mm-dd hh:mm:ss	0	1900-03-01 00:00:00	ssf@0.18.5
100	yyyy-mm-dd hh:mm:ss	0	1900-04-09 00:00:00	ssf@0.18.5
1000	yyyy-mm-dd hh:mm:ss	0	1902-09-26 00:00:00	ssf@0.18.5
36526	yyyy-mm-dd hh:mm:ss	0	2000-01-01 00:00:00	ssf@0.18.5
44197	yyyy-mm-dd hh:mm:ss	0	2021-01-01 00:00:00	ssf@0.18.5
45000	yyyy-mm-dd hh:mm:ss	0	2023-03-15 00:00:00	ssf@0.18.5
45000.25	yyyy-mm-dd hh:mm:ss	0	2023-03-15 06:00:00	ssf@0.18.5
45000.5	yyyy-mm-dd hh:mm:ss	0	2023-03-15 12:00:00	ssf@0.18.5
45000.75	yyyy-mm-dd hh:mm:ss	0	2023-03-15 18:00:00	ssf@0.18.5
45000.99998842592	yyyy-mm-dd hh:mm:ss	0	2023-03-15 23:59:59	ssf@0.18.5
0.5	yyyy-mm-dd hh:mm:ss	0	1900-01-00 12:00:00	ssf@0.18.5
0.25	yyyy-mm-dd hh:mm:ss	0	1900-01-00 06:00:00	ssf@0.18.5
0.75	yyyy-mm-dd hh:mm:ss	0	1900-01-00 18:00:00	ssf@0.18.5
1.5	yyyy-mm-dd hh:mm:ss	0	1900-01-01 12:00:00	ssf@0.18.5
2.0625	yyyy-mm-dd hh:mm:ss	0	1900-01-02 01:30:00	ssf@0.18.5
1	mm:ss	0	00:00	ssf@0.18.5
2	mm:ss	0	00:00	ssf@0.18.5
59	mm:ss	0	00:00	ssf@0.18.5
60	mm:ss	0	00:00	ssf@0.18.5
61	mm:ss	0	00:00	ssf@0.18.5
100	mm:ss	0	00:00	ssf@0.18.5
1000	mm:ss	0	00:00	ssf@0.18.5
36526	mm:ss	0	00:00	ssf@0.18.5
44197	mm:ss	0	00:00	ssf@0.18.5
45000	mm:ss	0	00:00	ssf@0.18.5
45000.25	mm:ss	0	00:00	ssf@0.18.5
45000.5	mm:ss	0	00:00	ssf@0.18.5
45000.75	mm:ss	0	00:00	ssf@0.18.5
45000.99998842592	mm:ss	0	59:59	ssf@0.18.5
0.5	mm:ss	0	00:00	ssf@0.18.5
0.25	mm:ss	0	00:00	ssf@0.18.5
0.75	mm:ss	0	00:00	ssf@0.18.5
1.5	mm:ss	0	00:00	ssf@0.18.5
2.0625	mm:ss	0	30:00	ssf@0.18.5
1	[h]:mm	0	24:00	ssf@0.18.5
2	[h]:mm	0	48:00	ssf@0.18.5
59	[h]:mm	0	1416:00	ssf@0.18.5
60	[h]:mm	0	1440:00	ssf@0.18.5
61	[h]:mm	0	1464:00	ssf@0.18.5
100	[h]:mm	0	2400:00	ssf@0.18.5
1000	[h]:mm	0	24000:00	ssf@0.18.5
36526	[h]:mm	0	876624:00	ssf@0.18.5
44197	[h]:mm	0	1060728:00	ssf@0.18.5
45000	[h]:mm	0	1080000:00	ssf@0.18.5
45000.25	[h]:mm	0	1080006:00	ssf@0.18.5
45000.5	[h]:mm	0	1080012:00	ssf@0.18.5
45000.75	[h]:mm	0	1080018:00	ssf@0.18.5
45000.99998842592	[h]:mm	0	1080023:59	ssf@0.18.5
0.5	[h]:mm	0	12:00	ssf@0.18.5
0.25	[h]:mm	0	6:00	ssf@0.18.5
0.75	[h]:mm	0	18:00	ssf@0.18.5
2.0625	[h]:mm	0	49:30	ssf@0.18.5
0.0006944398148148148	[h]:mm	0	0:01	ssf@0.18.5
0.9999999884259259	[h]:mm	0	24:00	ssf@0.18.5
1	[h]:mm:ss	0	24:00:00	ssf@0.18.5
2	[h]:mm:ss	0	48:00:00	ssf@0.18.5
59	[h]:mm:ss	0	1416:00:00	ssf@0.18.5
60	[h]:mm:ss	0	1440:00:00	ssf@0.18.5
61	[h]:mm:ss	0	1464:00:00	ssf@0.18.5
100	[h]:mm:ss	0	2400:00:00	ssf@0.18.5
1000	[h]:mm:ss	0	24000:00:00	ssf@0.18.5
36526	[h]:mm:ss	0	876624:00:00	ssf@0.18.5
44197	[h]:mm:ss	0	1060728:00:00	ssf@0.18.5
45000	[h]:mm:ss	0	1080000:00:00	ssf@0.18.5
45000.25	[h]:mm:ss	0	1080006:00:00	ssf@0.18.5
45000.5	[h]:mm:ss	0	1080012:00:00	ssf@0.18.5
45000.75	[h]:mm:ss	0	1080018:00:00	ssf@0.18.5
45000.99998842592	[h]:mm:ss	0	1080023:59:59	ssf@0.18.5
0.5	[h]:mm:ss	0	12:00:00	ssf@0.18.5
0.25	[h]:mm:ss	0	6:00:00	ssf@0.18.5
0.75	[h]:mm:ss	0	18:00:00	ssf@0.18.5
1.5	[h]:mm:ss	0	36:00:00	ssf@0.18.5
2.0625	[h]:mm:ss	0	49:30:00	ssf@0.18.5
1	[mm]:ss	0	1440:00	ssf@0.18.5
2	[mm]:ss	0	2880:00	ssf@0.18.5
59	[mm]:ss	0	84960:00	ssf@0.18.5
60	[mm]:ss	0	86400:00	ssf@0.18.5
61	[mm]:ss	0	87840:00	ssf@0.18.5
100	[mm]:ss	0	144000:00	ssf@0.18.5
1000	[mm]:ss	0	1440000:00	ssf@0.18.5
36526	[mm]:ss	0	52597440:00	ssf@0.18.5
44197	[mm]:ss	0	63643680:00	ssf@0.18.5
45000	[mm]:ss	0	64800000:00	ssf@0.18.5
45000.25	[mm]:ss	0	64800360:00	ssf@0.18.5
45000.5	[mm]:ss	0	64800720:00	ssf@0.18.5
45000.75	[mm]:ss	0	64801080:00	ssf@0.18.5
45000.99998842592	[mm]:ss	0	64801439:59	ssf@0.18.5
0.5	[mm]:ss	0	720:00	ssf@0.18.5
0.25	[mm]:ss	0	360:00	ssf@0.18.5
0.75	[mm]:ss	0	1080:00	ssf@0.18.5
1.5	[mm]:ss	0	2160:00	ssf@0.18.5
2.0625	[mm]:ss	0	2970:00	ssf@0.18.5
1	ss.000	0	00.000	ssf@0.18.5
2	ss.000	0	00.000	ssf@0.18.5
59	ss.000	0	00.000	ssf@0.18.5
60	ss.000	0	00.000	ssf@0.18.5
61	ss.000	0	00.000	ssf@0.18.5
100	ss.000	0	00.000	ssf@0.18.5
1000	ss.000	0	00.000	ssf@0.18.5
36526	ss.000	0	00.000	ssf@0.18.5
44197	ss.000	0	00.000	ssf@0.18.5
45000	ss.000	0	00.000	ssf@0.18.5
45000.25	ss.000	0	00.000	ssf@0.18.5
45000.5	ss.000	0	00.000	ssf@0.18.5
45000.75	ss.000	0	00.000	ssf@0.18.5
45000.99998842592	ss.000	0	59.000	ssf@0.18.5
0.5	ss.000	0	00.000	ssf@0.18.5
0.25	ss.000	0	00.000	ssf@0.18.5
0.75	ss.000	0	00.000	ssf@0.18.5
1.5	ss.000	0	00.000	ssf@0.18.5
2.0625	ss.000	0	00.000	ssf@0.18.5
0.0006944398148148148	ss.000	0	00.000	ssf@0.18.5
0.9999999884259259	ss.000	0	59.999	ssf@0.18.5
1	h:mm:ss.000	0	0:00:00.000	ssf@0.18.5
2	h:mm:ss.000	0	0:00:00.000	ssf@0.18.5
59	h:mm:ss.000	0	0:00:00.000	ssf@0.18.5
60	h:mm:ss.000	0	0:00:00.000	ssf@0.18.5
61	h:mm:ss.000	0	0:00:00.000	ssf@0.18.5
100	h:mm:ss.000	0	0:00:00.000	ssf@0.18.5
1000	h:mm:ss.000	0	0:00:00.000	ssf@0.18.5
36526	h:mm:ss.000	0	0:00:00.000	ssf@0.18.5
44197	h:mm:ss.000	0	0:00:00.000	ssf@0.18.5
45000	h:mm:ss.000	0	0:00:00.000	ssf@0.18.5
45000.25	h:mm:ss.000	0	6:00:00.000	ssf@0.18.5
45000.5	h:mm:ss.000	0	12:00:00.000	ssf@0.18.5
45000.75	h:mm:ss.000	0	18:00:00.000	ssf@0.18.5
45000.99998842592	h:mm:ss.000	0	23:59:59.000	ssf@0.18.5
0.5	h:mm:ss.000	0	12:00:00.000	ssf@0.18.5
0.25	h:mm:ss.000	0	6:00:00.000	ssf@0.18.5
0.75	h:mm:ss.000	0	18:00:00.000	ssf@0.18.5
1.5	h:mm:ss.000	0	12:00:00.000	ssf@0.18.5
2.0625	h:mm:ss.000	0	1:30:00.000	ssf@0.18.5
0.9999999884259259	h:mm:ss.000	0	23:59:59.999	ssf@0.18.5
1	mm:ss.0	0	00:00.0	ssf@0.18.5
2	mm:ss.0	0	00:00.0	ssf@0.18.5
59	mm:ss.0	0	00:00.0	ssf@0.18.5
60	mm:ss.0	0	00:00.0	ssf@0.18.5
61	mm:ss.0	0	00:00.0	ssf@0.18.5
100	mm:ss.0	0	00:00.0	ssf@0.18.5
1000	mm:ss.0	0	00:00.0	ssf@0.18.5
36526	mm:ss.0	0	00:00.0	ssf@0.18.5
44197	mm:ss.0	0	00:00.0	ssf@0.18.5
45000	mm:ss.0	0	00:00.0	ssf@0.18.5
45000.25	mm:ss.0	0	00:00.0	ssf@0.18.5
45000.5	mm:ss.0	0	00:00.0	ssf@0.18.5
45000.75	mm:ss.0	0	00:00.0	ssf@0.18.5
45000.99998842592	mm:ss.0	0	59:59.0	ssf@0.18.5
0.5	mm:ss.0	0	00:00.0	ssf@0.18.5
0.25	mm:ss.0	0	00:00.0	ssf@0.18.5
0.75	mm:ss.0	0	00:00.0	ssf@0.18.5
1.5	mm:ss.0	0	00:00.0	ssf@0.18.5
2.0625	mm:ss.0	0	30:00.0	ssf@0.18.5
1	[mm]:ss.0	0	1440:00.0	ssf@0.18.5
2	[mm]:ss.0	0	2880:00.0	ssf@0.18.5
59	[mm]:ss.0	0	84960:00.0	ssf@0.18.5
60	[mm]:ss.0	0	86400:00.0	ssf@0.18.5
61	[mm]:ss.0	0	87840:00.0	ssf@0.18.5
100	[mm]:ss.0	0	144000:00.0	ssf@0.18.5
1000	[mm]:ss.0	0	1440000:00.0	ssf@0.18.5
36526	[mm]:ss.0	0	52597440:00.0	ssf@0.18.5
44197	[mm]:ss.0	0	63643680:00.0	ssf@0.18.5
45000	[mm]:ss.0	0	64800000:00.0	ssf@0.18.5
45000.25	[mm]:ss.0	0	64800360:00.0	ssf@0.18.5
45000.5	[mm]:ss.0	0	64800720:00.0	ssf@0.18.5
45000.75	[mm]:ss.0	0	64801080:00.0	ssf@0.18.5
45000.99998842592	[mm]:ss.0	0	64801439:59.0	ssf@0.18.5
0.5	[mm]:ss.0	0	720:00.0	ssf@0.18.5
0.25	[mm]:ss.0	0	360:00.0	ssf@0.18.5
0.75	[mm]:ss.0	0	1080:00.0	ssf@0.18.5
1.5	[mm]:ss.0	0	2160:00.0	ssf@0.18.5
2.0625	[mm]:ss.0	0	2970:00.0	ssf@0.18.5
0	builtin:0	0	0	ssf@0.18.5 (ECMA en-US builtin string)
1	builtin:0	0	1	ssf@0.18.5 (ECMA en-US builtin string)
-1	builtin:0	0	-1	ssf@0.18.5 (ECMA en-US builtin string)
0.5	builtin:0	0	0.5	ssf@0.18.5 (ECMA en-US builtin string)
1234.5678	builtin:0	0	1234.5678	ssf@0.18.5 (ECMA en-US builtin string)
-1234.5678	builtin:0	0	-1234.5678	ssf@0.18.5 (ECMA en-US builtin string)
45000	builtin:0	0	45000	ssf@0.18.5 (ECMA en-US builtin string)
45000.5209	builtin:0	0	45000.5209	ssf@0.18.5 (ECMA en-US builtin string)
0	builtin:1	0	0	ssf@0.18.5 (ECMA en-US builtin string)
1	builtin:1	0	1	ssf@0.18.5 (ECMA en-US builtin string)
-1	builtin:1	0	-1	ssf@0.18.5 (ECMA en-US builtin string)
0.5	builtin:1	0	1	ssf@0.18.5 (ECMA en-US builtin string)
1234.5678	builtin:1	0	1235	ssf@0.18.5 (ECMA en-US builtin string)
-1234.5678	builtin:1	0	-1235	ssf@0.18.5 (ECMA en-US builtin string)
45000	builtin:1	0	45000	ssf@0.18.5 (ECMA en-US builtin string)
45000.5209	builtin:1	0	45001	ssf@0.18.5 (ECMA en-US builtin string)
0	builtin:2	0	0.00	ssf@0.18.5 (ECMA en-US builtin string)
1	builtin:2	0	1.00	ssf@0.18.5 (ECMA en-US builtin string)
-1	builtin:2	0	-1.00	ssf@0.18.5 (ECMA en-US builtin string)
0.5	builtin:2	0	0.50	ssf@0.18.5 (ECMA en-US builtin string)
1234.5678	builtin:2	0	1234.57	ssf@0.18.5 (ECMA en-US builtin string)
-1234.5678	builtin:2	0	-1234.57	ssf@0.18.5 (ECMA en-US builtin string)
45000	builtin:2	0	45000.00	ssf@0.18.5 (ECMA en-US builtin string)
45000.5209	builtin:2	0	45000.52	ssf@0.18.5 (ECMA en-US builtin string)
0	builtin:3	0	0	ssf@0.18.5 (ECMA en-US builtin string)
1	builtin:3	0	1	ssf@0.18.5 (ECMA en-US builtin string)
-1	builtin:3	0	-1	ssf@0.18.5 (ECMA en-US builtin string)
0.5	builtin:3	0	1	ssf@0.18.5 (ECMA en-US builtin string)
1234.5678	builtin:3	0	1,235	ssf@0.18.5 (ECMA en-US builtin string)
-1234.5678	builtin:3	0	-1,235	ssf@0.18.5 (ECMA en-US builtin string)
45000	builtin:3	0	45,000	ssf@0.18.5 (ECMA en-US builtin string)
45000.5209	builtin:3	0	45,001	ssf@0.18.5 (ECMA en-US builtin string)
0	builtin:4	0	0.00	ssf@0.18.5 (ECMA en-US builtin string)
1	builtin:4	0	1.00	ssf@0.18.5 (ECMA en-US builtin string)
-1	builtin:4	0	-1.00	ssf@0.18.5 (ECMA en-US builtin string)
0.5	builtin:4	0	0.50	ssf@0.18.5 (ECMA en-US builtin string)
1234.5678	builtin:4	0	1,234.57	ssf@0.18.5 (ECMA en-US builtin string)
-1234.5678	builtin:4	0	-1,234.57	ssf@0.18.5 (ECMA en-US builtin string)
45000	builtin:4	0	45,000.00	ssf@0.18.5 (ECMA en-US builtin string)
45000.5209	builtin:4	0	45,000.52	ssf@0.18.5 (ECMA en-US builtin string)
0	builtin:5	0	$0	ssf@0.18.5 (ECMA en-US builtin string)
1	builtin:5	0	$1	ssf@0.18.5 (ECMA en-US builtin string)
-1	builtin:5	0	($1)	ssf@0.18.5 (ECMA en-US builtin string)
0.5	builtin:5	0	$1	ssf@0.18.5 (ECMA en-US builtin string)
1234.5678	builtin:5	0	$1,235	ssf@0.18.5 (ECMA en-US builtin string)
-1234.5678	builtin:5	0	($1,235)	ssf@0.18.5 (ECMA en-US builtin string)
45000	builtin:5	0	$45,000	ssf@0.18.5 (ECMA en-US builtin string)
45000.5209	builtin:5	0	$45,001	ssf@0.18.5 (ECMA en-US builtin string)
0	builtin:6	0	$0	ssf@0.18.5 (ECMA en-US builtin string)
1	builtin:6	0	$1	ssf@0.18.5 (ECMA en-US builtin string)
-1	builtin:6	0	($1)	ssf@0.18.5 (ECMA en-US builtin string)
0.5	builtin:6	0	$1	ssf@0.18.5 (ECMA en-US builtin string)
1234.5678	builtin:6	0	$1,235	ssf@0.18.5 (ECMA en-US builtin string)
-1234.5678	builtin:6	0	($1,235)	ssf@0.18.5 (ECMA en-US builtin string)
45000	builtin:6	0	$45,000	ssf@0.18.5 (ECMA en-US builtin string)
45000.5209	builtin:6	0	$45,001	ssf@0.18.5 (ECMA en-US builtin string)
0	builtin:7	0	$0.00	ssf@0.18.5 (ECMA en-US builtin string)
1	builtin:7	0	$1.00	ssf@0.18.5 (ECMA en-US builtin string)
-1	builtin:7	0	($1.00)	ssf@0.18.5 (ECMA en-US builtin string)
0.5	builtin:7	0	$0.50	ssf@0.18.5 (ECMA en-US builtin string)
1234.5678	builtin:7	0	$1,234.57	ssf@0.18.5 (ECMA en-US builtin string)
-1234.5678	builtin:7	0	($1,234.57)	ssf@0.18.5 (ECMA en-US builtin string)
45000	builtin:7	0	$45,000.00	ssf@0.18.5 (ECMA en-US builtin string)
45000.5209	builtin:7	0	$45,000.52	ssf@0.18.5 (ECMA en-US builtin string)
0	builtin:8	0	$0.00	ssf@0.18.5 (ECMA en-US builtin string)
1	builtin:8	0	$1.00	ssf@0.18.5 (ECMA en-US builtin string)
-1	builtin:8	0	($1.00)	ssf@0.18.5 (ECMA en-US builtin string)
0.5	builtin:8	0	$0.50	ssf@0.18.5 (ECMA en-US builtin string)
1234.5678	builtin:8	0	$1,234.57	ssf@0.18.5 (ECMA en-US builtin string)
-1234.5678	builtin:8	0	($1,234.57)	ssf@0.18.5 (ECMA en-US builtin string)
45000	builtin:8	0	$45,000.00	ssf@0.18.5 (ECMA en-US builtin string)
45000.5209	builtin:8	0	$45,000.52	ssf@0.18.5 (ECMA en-US builtin string)
0	builtin:9	0	0%	ssf@0.18.5 (ECMA en-US builtin string)
1	builtin:9	0	100%	ssf@0.18.5 (ECMA en-US builtin string)
-1	builtin:9	0	-100%	ssf@0.18.5 (ECMA en-US builtin string)
0.5	builtin:9	0	50%	ssf@0.18.5 (ECMA en-US builtin string)
1234.5678	builtin:9	0	123457%	ssf@0.18.5 (ECMA en-US builtin string)
-1234.5678	builtin:9	0	-123457%	ssf@0.18.5 (ECMA en-US builtin string)
45000	builtin:9	0	4500000%	ssf@0.18.5 (ECMA en-US builtin string)
45000.5209	builtin:9	0	4500052%	ssf@0.18.5 (ECMA en-US builtin string)
0	builtin:10	0	0.00%	ssf@0.18.5 (ECMA en-US builtin string)
1	builtin:10	0	100.00%	ssf@0.18.5 (ECMA en-US builtin string)
-1	builtin:10	0	-100.00%	ssf@0.18.5 (ECMA en-US builtin string)
0.5	builtin:10	0	50.00%	ssf@0.18.5 (ECMA en-US builtin string)
1234.5678	builtin:10	0	123456.78%	ssf@0.18.5 (ECMA en-US builtin string)
-1234.5678	builtin:10	0	-123456.78%	ssf@0.18.5 (ECMA en-US builtin string)
45000	builtin:10	0	4500000.00%	ssf@0.18.5 (ECMA en-US builtin string)
45000.5209	builtin:10	0	4500052.09%	ssf@0.18.5 (ECMA en-US builtin string)
0	builtin:11	0	0.00E+00	ssf@0.18.5 (ECMA en-US builtin string)
1	builtin:11	0	1.00E+00	ssf@0.18.5 (ECMA en-US builtin string)
-1	builtin:11	0	-1.00E+00	ssf@0.18.5 (ECMA en-US builtin string)
0.5	builtin:11	0	5.00E-01	ssf@0.18.5 (ECMA en-US builtin string)
1234.5678	builtin:11	0	1.23E+03	ssf@0.18.5 (ECMA en-US builtin string)
-1234.5678	builtin:11	0	-1.23E+03	ssf@0.18.5 (ECMA en-US builtin string)
45000	builtin:11	0	4.50E+04	ssf@0.18.5 (ECMA en-US builtin string)
45000.5209	builtin:11	0	4.50E+04	ssf@0.18.5 (ECMA en-US builtin string)
0	builtin:12	0	0	ssf@0.18.5 (ECMA en-US builtin string)
1	builtin:12	0	1	ssf@0.18.5 (ECMA en-US builtin string)
-1	builtin:12	0	-1	ssf@0.18.5 (ECMA en-US builtin string)
0.5	builtin:12	0	 1/2	ssf@0.18.5 (ECMA en-US builtin string)
1234.5678	builtin:12	0	1234 4/7	ssf@0.18.5 (ECMA en-US builtin string)
-1234.5678	builtin:12	0	-1234 4/7	ssf@0.18.5 (ECMA en-US builtin string)
45000	builtin:12	0	45000	ssf@0.18.5 (ECMA en-US builtin string)
45000.5209	builtin:12	0	45000 1/2	ssf@0.18.5 (ECMA en-US builtin string)
0	builtin:13	0	0	ssf@0.18.5 (ECMA en-US builtin string)
1	builtin:13	0	1	ssf@0.18.5 (ECMA en-US builtin string)
-1	builtin:13	0	-1	ssf@0.18.5 (ECMA en-US builtin string)
0.5	builtin:13	0	  1/2	ssf@0.18.5 (ECMA en-US builtin string)
1234.5678	builtin:13	0	1234 46/81	ssf@0.18.5 (ECMA en-US builtin string)
-1234.5678	builtin:13	0	-1234 46/81	ssf@0.18.5 (ECMA en-US builtin string)
45000	builtin:13	0	45000	ssf@0.18.5 (ECMA en-US builtin string)
45000.5209	builtin:13	0	45000 25/48	ssf@0.18.5 (ECMA en-US builtin string)
0	builtin:14	0	1/0/00	ssf@0.18.5 (ECMA en-US builtin string)
1	builtin:14	0	1/1/00	ssf@0.18.5 (ECMA en-US builtin string)
0.5	builtin:14	0	1/0/00	ssf@0.18.5 (ECMA en-US builtin string)
1234.5678	builtin:14	0	5/18/03	ssf@0.18.5 (ECMA en-US builtin string)
45000	builtin:14	0	3/15/23	ssf@0.18.5 (ECMA en-US builtin string)
45000.5209	builtin:14	0	3/15/23	ssf@0.18.5 (ECMA en-US builtin string)
0	builtin:15	0	0-Jan-00	ssf@0.18.5 (ECMA en-US builtin string)
1	builtin:15	0	1-Jan-00	ssf@0.18.5 (ECMA en-US builtin string)
0.5	builtin:15	0	0-Jan-00	ssf@0.18.5 (ECMA en-US builtin string)
1234.5678	builtin:15	0	18-May-03	ssf@0.18.5 (ECMA en-US builtin string)
45000	builtin:15	0	15-Mar-23	ssf@0.18.5 (ECMA en-US builtin string)
45000.5209	builtin:15	0	15-Mar-23	ssf@0.18.5 (ECMA en-US builtin string)
0	builtin:16	0	0-Jan	ssf@0.18.5 (ECMA en-US builtin string)
1	builtin:16	0	1-Jan	ssf@0.18.5 (ECMA en-US builtin string)
0.5	builtin:16	0	0-Jan	ssf@0.18.5 (ECMA en-US builtin string)
1234.5678	builtin:16	0	18-May	ssf@0.18.5 (ECMA en-US builtin string)
45000	builtin:16	0	15-Mar	ssf@0.18.5 (ECMA en-US builtin string)
45000.5209	builtin:16	0	15-Mar	ssf@0.18.5 (ECMA en-US builtin string)
0	builtin:17	0	Jan-00	ssf@0.18.5 (ECMA en-US builtin string)
1	builtin:17	0	Jan-00	ssf@0.18.5 (ECMA en-US builtin string)
0.5	builtin:17	0	Jan-00	ssf@0.18.5 (ECMA en-US builtin string)
1234.5678	builtin:17	0	May-03	ssf@0.18.5 (ECMA en-US builtin string)
45000	builtin:17	0	Mar-23	ssf@0.18.5 (ECMA en-US builtin string)
45000.5209	builtin:17	0	Mar-23	ssf@0.18.5 (ECMA en-US builtin string)
0	builtin:18	0	12:00 AM	ssf@0.18.5 (ECMA en-US builtin string)
1	builtin:18	0	12:00 AM	ssf@0.18.5 (ECMA en-US builtin string)
0.5	builtin:18	0	12:00 PM	ssf@0.18.5 (ECMA en-US builtin string)
1234.5678	builtin:18	0	1:37 PM	ssf@0.18.5 (ECMA en-US builtin string)
45000	builtin:18	0	12:00 AM	ssf@0.18.5 (ECMA en-US builtin string)
45000.5209	builtin:18	0	12:30 PM	ssf@0.18.5 (ECMA en-US builtin string)
0	builtin:19	0	12:00:00 AM	ssf@0.18.5 (ECMA en-US builtin string)
1	builtin:19	0	12:00:00 AM	ssf@0.18.5 (ECMA en-US builtin string)
0.5	builtin:19	0	12:00:00 PM	ssf@0.18.5 (ECMA en-US builtin string)
1234.5678	builtin:19	0	1:37:38 PM	ssf@0.18.5 (ECMA en-US builtin string)
45000	builtin:19	0	12:00:00 AM	ssf@0.18.5 (ECMA en-US builtin string)
45000.5209	builtin:19	0	12:30:06 PM	ssf@0.18.5 (ECMA en-US builtin string)
0	builtin:20	0	0:00	ssf@0.18.5 (ECMA en-US builtin string)
1	builtin:20	0	0:00	ssf@0.18.5 (ECMA en-US builtin string)
0.5	builtin:20	0	12:00	ssf@0.18.5 (ECMA en-US builtin string)
1234.5678	builtin:20	0	13:37	ssf@0.18.5 (ECMA en-US builtin string)
45000	builtin:20	0	0:00	ssf@0.18.5 (ECMA en-US builtin string)
45000.5209	builtin:20	0	12:30	ssf@0.18.5 (ECMA en-US builtin string)
0	builtin:21	0	0:00:00	ssf@0.18.5 (ECMA en-US builtin string)
1	builtin:21	0	0:00:00	ssf@0.18.5 (ECMA en-US builtin string)
0.5	builtin:21	0	12:00:00	ssf@0.18.5 (ECMA en-US builtin string)
1234.5678	builtin:21	0	13:37:38	ssf@0.18.5 (ECMA en-US builtin string)
45000	builtin:21	0	0:00:00	ssf@0.18.5 (ECMA en-US builtin string)
45000.5209	builtin:21	0	12:30:06	ssf@0.18.5 (ECMA en-US builtin string)
0	builtin:22	0	1/0/00 0:00	ssf@0.18.5 (ECMA en-US builtin string)
1	builtin:22	0	1/1/00 0:00	ssf@0.18.5 (ECMA en-US builtin string)
0.5	builtin:22	0	1/0/00 12:00	ssf@0.18.5 (ECMA en-US builtin string)
1234.5678	builtin:22	0	5/18/03 13:37	ssf@0.18.5 (ECMA en-US builtin string)
45000	builtin:22	0	3/15/23 0:00	ssf@0.18.5 (ECMA en-US builtin string)
45000.5209	builtin:22	0	3/15/23 12:30	ssf@0.18.5 (ECMA en-US builtin string)
0	builtin:37	0	0	ssf@0.18.5 (ECMA en-US builtin string)
1	builtin:37	0	1	ssf@0.18.5 (ECMA en-US builtin string)
-1	builtin:37	0	(1)	ssf@0.18.5 (ECMA en-US builtin string)
0.5	builtin:37	0	1	ssf@0.18.5 (ECMA en-US builtin string)
1234.5678	builtin:37	0	1,235	ssf@0.18.5 (ECMA en-US builtin string)
-1234.5678	builtin:37	0	(1,235)	ssf@0.18.5 (ECMA en-US builtin string)
45000	builtin:37	0	45,000	ssf@0.18.5 (ECMA en-US builtin string)
45000.5209	builtin:37	0	45,001	ssf@0.18.5 (ECMA en-US builtin string)
0	builtin:38	0	0	ssf@0.18.5 (ECMA en-US builtin string)
1	builtin:38	0	1	ssf@0.18.5 (ECMA en-US builtin string)
-1	builtin:38	0	(1)	ssf@0.18.5 (ECMA en-US builtin string)
0.5	builtin:38	0	1	ssf@0.18.5 (ECMA en-US builtin string)
1234.5678	builtin:38	0	1,235	ssf@0.18.5 (ECMA en-US builtin string)
-1234.5678	builtin:38	0	(1,235)	ssf@0.18.5 (ECMA en-US builtin string)
45000	builtin:38	0	45,000	ssf@0.18.5 (ECMA en-US builtin string)
45000.5209	builtin:38	0	45,001	ssf@0.18.5 (ECMA en-US builtin string)
0	builtin:39	0	0.00	ssf@0.18.5 (ECMA en-US builtin string)
1	builtin:39	0	1.00	ssf@0.18.5 (ECMA en-US builtin string)
-1	builtin:39	0	(1.00)	ssf@0.18.5 (ECMA en-US builtin string)
0.5	builtin:39	0	0.50	ssf@0.18.5 (ECMA en-US builtin string)
1234.5678	builtin:39	0	1,234.57	ssf@0.18.5 (ECMA en-US builtin string)
-1234.5678	builtin:39	0	(1,234.57)	ssf@0.18.5 (ECMA en-US builtin string)
45000	builtin:39	0	45,000.00	ssf@0.18.5 (ECMA en-US builtin string)
45000.5209	builtin:39	0	45,000.52	ssf@0.18.5 (ECMA en-US builtin string)
0	builtin:40	0	0.00	ssf@0.18.5 (ECMA en-US builtin string)
1	builtin:40	0	1.00	ssf@0.18.5 (ECMA en-US builtin string)
-1	builtin:40	0	(1.00)	ssf@0.18.5 (ECMA en-US builtin string)
0.5	builtin:40	0	0.50	ssf@0.18.5 (ECMA en-US builtin string)
1234.5678	builtin:40	0	1,234.57	ssf@0.18.5 (ECMA en-US builtin string)
-1234.5678	builtin:40	0	(1,234.57)	ssf@0.18.5 (ECMA en-US builtin string)
45000	builtin:40	0	45,000.00	ssf@0.18.5 (ECMA en-US builtin string)
45000.5209	builtin:40	0	45,000.52	ssf@0.18.5 (ECMA en-US builtin string)
0	builtin:41	0	 -	ssf@0.18.5 (ECMA en-US builtin string)
1	builtin:41	0	 1	ssf@0.18.5 (ECMA en-US builtin string)
-1	builtin:41	0	 (1)	ssf@0.18.5 (ECMA en-US builtin string)
0.5	builtin:41	0	 1	ssf@0.18.5 (ECMA en-US builtin string)
1234.5678	builtin:41	0	 1,235	ssf@0.18.5 (ECMA en-US builtin string)
-1234.5678	builtin:41	0	 (1,235)	ssf@0.18.5 (ECMA en-US builtin string)
45000	builtin:41	0	 45,000	ssf@0.18.5 (ECMA en-US builtin string)
45000.5209	builtin:41	0	 45,001	ssf@0.18.5 (ECMA en-US builtin string)
0	builtin:42	0	 $-	ssf@0.18.5 (ECMA en-US builtin string)
1	builtin:42	0	 $1	ssf@0.18.5 (ECMA en-US builtin string)
-1	builtin:42	0	 $(1)	ssf@0.18.5 (ECMA en-US builtin string)
0.5	builtin:42	0	 $1	ssf@0.18.5 (ECMA en-US builtin string)
1234.5678	builtin:42	0	 $1,235	ssf@0.18.5 (ECMA en-US builtin string)
-1234.5678	builtin:42	0	 $(1,235)	ssf@0.18.5 (ECMA en-US builtin string)
45000	builtin:42	0	 $45,000	ssf@0.18.5 (ECMA en-US builtin string)
45000.5209	builtin:42	0	 $45,001	ssf@0.18.5 (ECMA en-US builtin string)
0	builtin:43	0	 -	ssf@0.18.5 (ECMA en-US builtin string)
1	builtin:43	0	 1.00	ssf@0.18.5 (ECMA en-US builtin string)
-1	builtin:43	0	 (1.00)	ssf@0.18.5 (ECMA en-US builtin string)
0.5	builtin:43	0	 0.50	ssf@0.18.5 (ECMA en-US builtin string)
1234.5678	builtin:43	0	 1,234.57	ssf@0.18.5 (ECMA en-US builtin string)
-1234.5678	builtin:43	0	 (1,234.57)	ssf@0.18.5 (ECMA en-US builtin string)
45000	builtin:43	0	 45,000.00	ssf@0.18.5 (ECMA en-US builtin string)
45000.5209	builtin:43	0	 45,000.52	ssf@0.18.5 (ECMA en-US builtin string)
0	builtin:44	0	 $-	ssf@0.18.5 (ECMA en-US builtin string)
1	builtin:44	0	 $1.00	ssf@0.18.5 (ECMA en-US builtin string)
-1	builtin:44	0	 $(1.00)	ssf@0.18.5 (ECMA en-US builtin string)
0.5	builtin:44	0	 $0.50	ssf@0.18.5 (ECMA en-US builtin string)
1234.5678	builtin:44	0	 $1,234.57	ssf@0.18.5 (ECMA en-US builtin string)
-1234.5678	builtin:44	0	 $(1,234.57)	ssf@0.18.5 (ECMA en-US builtin string)
45000	builtin:44	0	 $45,000.00	ssf@0.18.5 (ECMA en-US builtin string)
45000.5209	builtin:44	0	 $45,000.52	ssf@0.18.5 (ECMA en-US builtin string)
0	builtin:45	0	00:00	ssf@0.18.5 (ECMA en-US builtin string)
1	builtin:45	0	00:00	ssf@0.18.5 (ECMA en-US builtin string)
0.5	builtin:45	0	00:00	ssf@0.18.5 (ECMA en-US builtin string)
1234.5678	builtin:45	0	37:38	ssf@0.18.5 (ECMA en-US builtin string)
45000	builtin:45	0	00:00	ssf@0.18.5 (ECMA en-US builtin string)
45000.5209	builtin:45	0	30:06	ssf@0.18.5 (ECMA en-US builtin string)
0	builtin:46	0	0:00:00	ssf@0.18.5 (ECMA en-US builtin string)
1	builtin:46	0	24:00:00	ssf@0.18.5 (ECMA en-US builtin string)
0.5	builtin:46	0	12:00:00	ssf@0.18.5 (ECMA en-US builtin string)
1234.5678	builtin:46	0	29629:37:38	ssf@0.18.5 (ECMA en-US builtin string)
45000	builtin:46	0	1080000:00:00	ssf@0.18.5 (ECMA en-US builtin string)
45000.5209	builtin:46	0	1080012:30:06	ssf@0.18.5 (ECMA en-US builtin string)
0	builtin:47	0	0000.0	ssf@0.18.5 (ECMA en-US builtin string)
1	builtin:47	0	0000.0	ssf@0.18.5 (ECMA en-US builtin string)
0.5	builtin:47	0	0000.0	ssf@0.18.5 (ECMA en-US builtin string)
1234.5678	builtin:47	0	3737.9	ssf@0.18.5 (ECMA en-US builtin string)
45000	builtin:47	0	0000.0	ssf@0.18.5 (ECMA en-US builtin string)
45000.5209	builtin:47	0	3005.8	ssf@0.18.5 (ECMA en-US builtin string)
0	builtin:48	0	0.0E+0	ssf@0.18.5 (ECMA en-US builtin string)
1	builtin:48	0	1.0E+0	ssf@0.18.5 (ECMA en-US builtin string)
-1	builtin:48	0	-1.0E+0	ssf@0.18.5 (ECMA en-US builtin string)
0.5	builtin:48	0	500.0E-3	ssf@0.18.5 (ECMA en-US builtin string)
1234.5678	builtin:48	0	1.2E+3	ssf@0.18.5 (ECMA en-US builtin string)
-1234.5678	builtin:48	0	-1.2E+3	ssf@0.18.5 (ECMA en-US builtin string)
45000	builtin:48	0	45.0E+3	ssf@0.18.5 (ECMA en-US builtin string)
45000.5209	builtin:48	0	45.0E+3	ssf@0.18.5 (ECMA en-US builtin string)
0	builtin:49	0	0	ssf@0.18.5 (ECMA en-US builtin string)
1	builtin:49	0	1	ssf@0.18.5 (ECMA en-US builtin string)
-1	builtin:49	0	-1	ssf@0.18.5 (ECMA en-US builtin string)
0.5	builtin:49	0	0.5	ssf@0.18.5 (ECMA en-US builtin string)
1234.5678	builtin:49	0	1234.5678	ssf@0.18.5 (ECMA en-US builtin string)
-1234.5678	builtin:49	0	-1234.5678	ssf@0.18.5 (ECMA en-US builtin string)
45000	builtin:49	0	45000	ssf@0.18.5 (ECMA en-US builtin string)
45000.5209	builtin:49	0	45000.5209	ssf@0.18.5 (ECMA en-US builtin string)
366	yyyy-mm-dd	1	1905-01-01	ssf@0.18.5 (date1904)
1462	yyyy-mm-dd	1	1908-01-02	ssf@0.18.5 (date1904)
45000.5209	yyyy-mm-dd	1	2027-03-16	ssf@0.18.5 (date1904)
0	m/d/yy h:mm	1	1/1/04 0:00	ssf@0.18.5 (date1904)
1	m/d/yy h:mm	1	1/2/04 0:00	ssf@0.18.5 (date1904)
366	m/d/yy h:mm	1	1/1/05 0:00	ssf@0.18.5 (date1904)
1462	m/d/yy h:mm	1	1/2/08 0:00	ssf@0.18.5 (date1904)
43538	m/d/yy h:mm	1	3/15/23 0:00	ssf@0.18.5 (date1904)
45000.5209	m/d/yy h:mm	1	3/16/27 12:30	ssf@0.18.5 (date1904)
0	[h]:mm	1	0:00	ssf@0.18.5 (date1904)
1	[h]:mm	1	24:00	ssf@0.18.5 (date1904)
366	[h]:mm	1	8784:00	ssf@0.18.5 (date1904)
1462	[h]:mm	1	35088:00	ssf@0.18.5 (date1904)
43538	[h]:mm	1	1044912:00	ssf@0.18.5 (date1904)
45000.5209	[h]:mm	1	1080012:30	ssf@0.18.5 (date1904)
1	dddd	1	Saturday	ssf@0.18.5 (date1904)
366	dddd	1	Sunday	ssf@0.18.5 (date1904)
1462	dddd	1	Thursday	ssf@0.18.5 (date1904)
43538	dddd	1	Wednesday	ssf@0.18.5 (date1904)
45000.5209	dddd	1	Tuesday	ssf@0.18.5 (date1904)
0	builtin:27	0	0	pinned: en-US v1 resolves locale-reserved builtins to General
1	builtin:27	0	1	pinned: en-US v1 resolves locale-reserved builtins to General
-1	builtin:27	0	-1	pinned: en-US v1 resolves locale-reserved builtins to General
0.5	builtin:27	0	0.5	pinned: en-US v1 resolves locale-reserved builtins to General
1234.5678	builtin:27	0	1234.5678	pinned: en-US v1 resolves locale-reserved builtins to General
-1234.5678	builtin:27	0	-1234.5678	pinned: en-US v1 resolves locale-reserved builtins to General
45000	builtin:27	0	45000	pinned: en-US v1 resolves locale-reserved builtins to General
45000.5209	builtin:27	0	45000.5209	pinned: en-US v1 resolves locale-reserved builtins to General
0	builtin:28	0	0	pinned: en-US v1 resolves locale-reserved builtins to General
1	builtin:28	0	1	pinned: en-US v1 resolves locale-reserved builtins to General
-1	builtin:28	0	-1	pinned: en-US v1 resolves locale-reserved builtins to General
0.5	builtin:28	0	0.5	pinned: en-US v1 resolves locale-reserved builtins to General
1234.5678	builtin:28	0	1234.5678	pinned: en-US v1 resolves locale-reserved builtins to General
-1234.5678	builtin:28	0	-1234.5678	pinned: en-US v1 resolves locale-reserved builtins to General
45000	builtin:28	0	45000	pinned: en-US v1 resolves locale-reserved builtins to General
45000.5209	builtin:28	0	45000.5209	pinned: en-US v1 resolves locale-reserved builtins to General
0	builtin:29	0	0	pinned: en-US v1 resolves locale-reserved builtins to General
1	builtin:29	0	1	pinned: en-US v1 resolves locale-reserved builtins to General
-1	builtin:29	0	-1	pinned: en-US v1 resolves locale-reserved builtins to General
0.5	builtin:29	0	0.5	pinned: en-US v1 resolves locale-reserved builtins to General
1234.5678	builtin:29	0	1234.5678	pinned: en-US v1 resolves locale-reserved builtins to General
-1234.5678	builtin:29	0	-1234.5678	pinned: en-US v1 resolves locale-reserved builtins to General
45000	builtin:29	0	45000	pinned: en-US v1 resolves locale-reserved builtins to General
45000.5209	builtin:29	0	45000.5209	pinned: en-US v1 resolves locale-reserved builtins to General
0	builtin:30	0	0	pinned: en-US v1 resolves locale-reserved builtins to General
1	builtin:30	0	1	pinned: en-US v1 resolves locale-reserved builtins to General
-1	builtin:30	0	-1	pinned: en-US v1 resolves locale-reserved builtins to General
0.5	builtin:30	0	0.5	pinned: en-US v1 resolves locale-reserved builtins to General
1234.5678	builtin:30	0	1234.5678	pinned: en-US v1 resolves locale-reserved builtins to General
-1234.5678	builtin:30	0	-1234.5678	pinned: en-US v1 resolves locale-reserved builtins to General
45000	builtin:30	0	45000	pinned: en-US v1 resolves locale-reserved builtins to General
45000.5209	builtin:30	0	45000.5209	pinned: en-US v1 resolves locale-reserved builtins to General
0	builtin:31	0	0	pinned: en-US v1 resolves locale-reserved builtins to General
1	builtin:31	0	1	pinned: en-US v1 resolves locale-reserved builtins to General
-1	builtin:31	0	-1	pinned: en-US v1 resolves locale-reserved builtins to General
0.5	builtin:31	0	0.5	pinned: en-US v1 resolves locale-reserved builtins to General
1234.5678	builtin:31	0	1234.5678	pinned: en-US v1 resolves locale-reserved builtins to General
-1234.5678	builtin:31	0	-1234.5678	pinned: en-US v1 resolves locale-reserved builtins to General
45000	builtin:31	0	45000	pinned: en-US v1 resolves locale-reserved builtins to General
45000.5209	builtin:31	0	45000.5209	pinned: en-US v1 resolves locale-reserved builtins to General
0	builtin:32	0	0	pinned: en-US v1 resolves locale-reserved builtins to General
1	builtin:32	0	1	pinned: en-US v1 resolves locale-reserved builtins to General
-1	builtin:32	0	-1	pinned: en-US v1 resolves locale-reserved builtins to General
0.5	builtin:32	0	0.5	pinned: en-US v1 resolves locale-reserved builtins to General
1234.5678	builtin:32	0	1234.5678	pinned: en-US v1 resolves locale-reserved builtins to General
-1234.5678	builtin:32	0	-1234.5678	pinned: en-US v1 resolves locale-reserved builtins to General
45000	builtin:32	0	45000	pinned: en-US v1 resolves locale-reserved builtins to General
45000.5209	builtin:32	0	45000.5209	pinned: en-US v1 resolves locale-reserved builtins to General
0	builtin:33	0	0	pinned: en-US v1 resolves locale-reserved builtins to General
1	builtin:33	0	1	pinned: en-US v1 resolves locale-reserved builtins to General
-1	builtin:33	0	-1	pinned: en-US v1 resolves locale-reserved builtins to General
0.5	builtin:33	0	0.5	pinned: en-US v1 resolves locale-reserved builtins to General
1234.5678	builtin:33	0	1234.5678	pinned: en-US v1 resolves locale-reserved builtins to General
-1234.5678	builtin:33	0	-1234.5678	pinned: en-US v1 resolves locale-reserved builtins to General
45000	builtin:33	0	45000	pinned: en-US v1 resolves locale-reserved builtins to General
45000.5209	builtin:33	0	45000.5209	pinned: en-US v1 resolves locale-reserved builtins to General
0	builtin:34	0	0	pinned: en-US v1 resolves locale-reserved builtins to General
1	builtin:34	0	1	pinned: en-US v1 resolves locale-reserved builtins to General
-1	builtin:34	0	-1	pinned: en-US v1 resolves locale-reserved builtins to General
0.5	builtin:34	0	0.5	pinned: en-US v1 resolves locale-reserved builtins to General
1234.5678	builtin:34	0	1234.5678	pinned: en-US v1 resolves locale-reserved builtins to General
-1234.5678	builtin:34	0	-1234.5678	pinned: en-US v1 resolves locale-reserved builtins to General
45000	builtin:34	0	45000	pinned: en-US v1 resolves locale-reserved builtins to General
45000.5209	builtin:34	0	45000.5209	pinned: en-US v1 resolves locale-reserved builtins to General
0	builtin:35	0	0	pinned: en-US v1 resolves locale-reserved builtins to General
1	builtin:35	0	1	pinned: en-US v1 resolves locale-reserved builtins to General
-1	builtin:35	0	-1	pinned: en-US v1 resolves locale-reserved builtins to General
0.5	builtin:35	0	0.5	pinned: en-US v1 resolves locale-reserved builtins to General
1234.5678	builtin:35	0	1234.5678	pinned: en-US v1 resolves locale-reserved builtins to General
-1234.5678	builtin:35	0	-1234.5678	pinned: en-US v1 resolves locale-reserved builtins to General
45000	builtin:35	0	45000	pinned: en-US v1 resolves locale-reserved builtins to General
45000.5209	builtin:35	0	45000.5209	pinned: en-US v1 resolves locale-reserved builtins to General
0	builtin:36	0	0	pinned: en-US v1 resolves locale-reserved builtins to General
1	builtin:36	0	1	pinned: en-US v1 resolves locale-reserved builtins to General
-1	builtin:36	0	-1	pinned: en-US v1 resolves locale-reserved builtins to General
0.5	builtin:36	0	0.5	pinned: en-US v1 resolves locale-reserved builtins to General
1234.5678	builtin:36	0	1234.5678	pinned: en-US v1 resolves locale-reserved builtins to General
-1234.5678	builtin:36	0	-1234.5678	pinned: en-US v1 resolves locale-reserved builtins to General
45000	builtin:36	0	45000	pinned: en-US v1 resolves locale-reserved builtins to General
45000.5209	builtin:36	0	45000.5209	pinned: en-US v1 resolves locale-reserved builtins to General
0	builtin:50	0	0	pinned: en-US v1 resolves locale-reserved builtins to General
1	builtin:50	0	1	pinned: en-US v1 resolves locale-reserved builtins to General
-1	builtin:50	0	-1	pinned: en-US v1 resolves locale-reserved builtins to General
0.5	builtin:50	0	0.5	pinned: en-US v1 resolves locale-reserved builtins to General
1234.5678	builtin:50	0	1234.5678	pinned: en-US v1 resolves locale-reserved builtins to General
-1234.5678	builtin:50	0	-1234.5678	pinned: en-US v1 resolves locale-reserved builtins to General
45000	builtin:50	0	45000	pinned: en-US v1 resolves locale-reserved builtins to General
45000.5209	builtin:50	0	45000.5209	pinned: en-US v1 resolves locale-reserved builtins to General
0	builtin:51	0	0	pinned: en-US v1 resolves locale-reserved builtins to General
1	builtin:51	0	1	pinned: en-US v1 resolves locale-reserved builtins to General
-1	builtin:51	0	-1	pinned: en-US v1 resolves locale-reserved builtins to General
0.5	builtin:51	0	0.5	pinned: en-US v1 resolves locale-reserved builtins to General
1234.5678	builtin:51	0	1234.5678	pinned: en-US v1 resolves locale-reserved builtins to General
-1234.5678	builtin:51	0	-1234.5678	pinned: en-US v1 resolves locale-reserved builtins to General
45000	builtin:51	0	45000	pinned: en-US v1 resolves locale-reserved builtins to General
45000.5209	builtin:51	0	45000.5209	pinned: en-US v1 resolves locale-reserved builtins to General
0	builtin:52	0	0	pinned: en-US v1 resolves locale-reserved builtins to General
1	builtin:52	0	1	pinned: en-US v1 resolves locale-reserved builtins to General
-1	builtin:52	0	-1	pinned: en-US v1 resolves locale-reserved builtins to General
0.5	builtin:52	0	0.5	pinned: en-US v1 resolves locale-reserved builtins to General
1234.5678	builtin:52	0	1234.5678	pinned: en-US v1 resolves locale-reserved builtins to General
-1234.5678	builtin:52	0	-1234.5678	pinned: en-US v1 resolves locale-reserved builtins to General
45000	builtin:52	0	45000	pinned: en-US v1 resolves locale-reserved builtins to General
45000.5209	builtin:52	0	45000.5209	pinned: en-US v1 resolves locale-reserved builtins to General
0	builtin:53	0	0	pinned: en-US v1 resolves locale-reserved builtins to General
1	builtin:53	0	1	pinned: en-US v1 resolves locale-reserved builtins to General
-1	builtin:53	0	-1	pinned: en-US v1 resolves locale-reserved builtins to General
0.5	builtin:53	0	0.5	pinned: en-US v1 resolves locale-reserved builtins to General
1234.5678	builtin:53	0	1234.5678	pinned: en-US v1 resolves locale-reserved builtins to General
-1234.5678	builtin:53	0	-1234.5678	pinned: en-US v1 resolves locale-reserved builtins to General
45000	builtin:53	0	45000	pinned: en-US v1 resolves locale-reserved builtins to General
45000.5209	builtin:53	0	45000.5209	pinned: en-US v1 resolves locale-reserved builtins to General
0	builtin:54	0	0	pinned: en-US v1 resolves locale-reserved builtins to General
1	builtin:54	0	1	pinned: en-US v1 resolves locale-reserved builtins to General
-1	builtin:54	0	-1	pinned: en-US v1 resolves locale-reserved builtins to General
0.5	builtin:54	0	0.5	pinned: en-US v1 resolves locale-reserved builtins to General
1234.5678	builtin:54	0	1234.5678	pinned: en-US v1 resolves locale-reserved builtins to General
-1234.5678	builtin:54	0	-1234.5678	pinned: en-US v1 resolves locale-reserved builtins to General
45000	builtin:54	0	45000	pinned: en-US v1 resolves locale-reserved builtins to General
45000.5209	builtin:54	0	45000.5209	pinned: en-US v1 resolves locale-reserved builtins to General
0	builtin:55	0	0	pinned: en-US v1 resolves locale-reserved builtins to General
1	builtin:55	0	1	pinned: en-US v1 resolves locale-reserved builtins to General
-1	builtin:55	0	-1	pinned: en-US v1 resolves locale-reserved builtins to General
0.5	builtin:55	0	0.5	pinned: en-US v1 resolves locale-reserved builtins to General
1234.5678	builtin:55	0	1234.5678	pinned: en-US v1 resolves locale-reserved builtins to General
-1234.5678	builtin:55	0	-1234.5678	pinned: en-US v1 resolves locale-reserved builtins to General
45000	builtin:55	0	45000	pinned: en-US v1 resolves locale-reserved builtins to General
45000.5209	builtin:55	0	45000.5209	pinned: en-US v1 resolves locale-reserved builtins to General
0	builtin:56	0	0	pinned: en-US v1 resolves locale-reserved builtins to General
1	builtin:56	0	1	pinned: en-US v1 resolves locale-reserved builtins to General
-1	builtin:56	0	-1	pinned: en-US v1 resolves locale-reserved builtins to General
0.5	builtin:56	0	0.5	pinned: en-US v1 resolves locale-reserved builtins to General
1234.5678	builtin:56	0	1234.5678	pinned: en-US v1 resolves locale-reserved builtins to General
-1234.5678	builtin:56	0	-1234.5678	pinned: en-US v1 resolves locale-reserved builtins to General
45000	builtin:56	0	45000	pinned: en-US v1 resolves locale-reserved builtins to General
45000.5209	builtin:56	0	45000.5209	pinned: en-US v1 resolves locale-reserved builtins to General
0	builtin:57	0	0	pinned: en-US v1 resolves locale-reserved builtins to General
1	builtin:57	0	1	pinned: en-US v1 resolves locale-reserved builtins to General
-1	builtin:57	0	-1	pinned: en-US v1 resolves locale-reserved builtins to General
0.5	builtin:57	0	0.5	pinned: en-US v1 resolves locale-reserved builtins to General
1234.5678	builtin:57	0	1234.5678	pinned: en-US v1 resolves locale-reserved builtins to General
-1234.5678	builtin:57	0	-1234.5678	pinned: en-US v1 resolves locale-reserved builtins to General
45000	builtin:57	0	45000	pinned: en-US v1 resolves locale-reserved builtins to General
45000.5209	builtin:57	0	45000.5209	pinned: en-US v1 resolves locale-reserved builtins to General
0	builtin:58	0	0	pinned: en-US v1 resolves locale-reserved builtins to General
1	builtin:58	0	1	pinned: en-US v1 resolves locale-reserved builtins to General
-1	builtin:58	0	-1	pinned: en-US v1 resolves locale-reserved builtins to General
0.5	builtin:58	0	0.5	pinned: en-US v1 resolves locale-reserved builtins to General
1234.5678	builtin:58	0	1234.5678	pinned: en-US v1 resolves locale-reserved builtins to General
-1234.5678	builtin:58	0	-1234.5678	pinned: en-US v1 resolves locale-reserved builtins to General
45000	builtin:58	0	45000	pinned: en-US v1 resolves locale-reserved builtins to General
45000.5209	builtin:58	0	45000.5209	pinned: en-US v1 resolves locale-reserved builtins to General
